city,regime,b0_condition,policy,total_loss,rank
austin,scarce,zero,uniform,19977642.0,5
austin,scarce,zero,proportional,16383102.0,2
austin,scarce,zero,point_greedy_fixed,16572872.0,4
austin,scarce,zero,point_greedy_proportional,16381998.0,1
austin,scarce,zero,quantile_full,16410288.0,3
austin,scarce,warmup,uniform,58003276.0,5
austin,scarce,warmup,proportional,46446402.0,1
austin,scarce,warmup,point_greedy_fixed,47115221.0,4
austin,scarce,warmup,point_greedy_proportional,46452474.0,2
austin,scarce,warmup,quantile_full,46523467.0,3
austin,scarce,train_avg,uniform,20118835.6,5
austin,scarce,train_avg,proportional,16545599.9,1
austin,scarce,train_avg,point_greedy_fixed,16733163.4,4
austin,scarce,train_avg,point_greedy_proportional,16545599.9,2
austin,scarce,train_avg,quantile_full,16579465.6,3
austin,moderate,zero,uniform,17113888.0,5
austin,moderate,zero,proportional,10651410.0,2
austin,moderate,zero,point_greedy_fixed,10869184.0,4
austin,moderate,zero,point_greedy_proportional,10648098.0,1
austin,moderate,zero,quantile_full,10679297.0,3
austin,moderate,warmup,uniform,49493656.0,5
austin,moderate,warmup,proportional,29364486.0,2
austin,moderate,warmup,point_greedy_fixed,30189570.0,4
austin,moderate,warmup,point_greedy_proportional,29355378.0,1
austin,moderate,warmup,quantile_full,29446441.0,3
austin,moderate,train_avg,uniform,17255075.5,5
austin,moderate,train_avg,proportional,10811699.9,1
austin,moderate,train_avg,point_greedy_fixed,11038400.6,4
austin,moderate,train_avg,point_greedy_proportional,10811699.9,2
austin,moderate,train_avg,quantile_full,10847504.6,3
austin,generous,zero,uniform,17099914.0,5
austin,generous,zero,proportional,6838453.0,2
austin,generous,zero,point_greedy_fixed,7085533.0,4
austin,generous,zero,point_greedy_proportional,6825498.0,1
austin,generous,zero,quantile_full,6856849.0,3
austin,generous,warmup,uniform,49479682.0,5
austin,generous,warmup,proportional,17975622.0,2
austin,generous,warmup,point_greedy_fixed,18907471.0,4
austin,generous,warmup,point_greedy_proportional,17965686.0,1
austin,generous,warmup,quantile_full,18072296.0,3
austin,generous,train_avg,uniform,17241043.2,5
austin,generous,train_avg,proportional,6989099.9,1
austin,generous,train_avg,point_greedy_fixed,7258524.7,4
austin,generous,train_avg,point_greedy_proportional,6989099.9,2
austin,generous,train_avg,quantile_full,7027946.6,3
chicago,scarce,zero,uniform,47723755.0,5
chicago,scarce,zero,proportional,37162683.0,1
chicago,scarce,zero,point_greedy_fixed,38101878.0,4
chicago,scarce,zero,point_greedy_proportional,37162683.0,2
chicago,scarce,zero,quantile_full,37208413.0,3
chicago,scarce,warmup,uniform,123292863.0,5
chicago,scarce,warmup,proportional,84571203.0,1
chicago,scarce,warmup,point_greedy_fixed,86986143.0,4
chicago,scarce,warmup,point_greedy_proportional,84571203.0,2
chicago,scarce,warmup,quantile_full,84814741.0,3
chicago,scarce,train_avg,uniform,48176878.4,5
chicago,scarce,train_avg,proportional,37739023.4,1
chicago,scarce,train_avg,point_greedy_fixed,38682428.7,4
chicago,scarce,train_avg,point_greedy_proportional,37739023.4,2
chicago,scarce,train_avg,quantile_full,37789612.5,3
chicago,moderate,zero,uniform,41456191.0,5
chicago,moderate,zero,proportional,19965951.0,2
chicago,moderate,zero,point_greedy_fixed,21402749.0,4
chicago,moderate,zero,point_greedy_proportional,19960983.0,1
chicago,moderate,zero,quantile_full,20087932.0,3
chicago,moderate,warmup,uniform,105774807.0,5
chicago,moderate,warmup,proportional,33461799.0,2
chicago,moderate,warmup,point_greedy_fixed,37641674.0,4
chicago,moderate,warmup,point_greedy_proportional,33432819.0,1
chicago,moderate,warmup,quantile_full,33928170.0,3
chicago,moderate,train_avg,uniform,41874577.4,5
chicago,moderate,train_avg,proportional,20537323.4,1
chicago,moderate,train_avg,point_greedy_fixed,21966210.5,4
chicago,moderate,train_avg,point_greedy_proportional,20537323.4,2
chicago,moderate,train_avg,quantile_full,20666406.0,3
chicago,generous,zero,uniform,37425429.0,5
chicago,generous,zero,proportional,5451379.0,2
chicago,generous,zero,point_greedy_fixed,6920807.0,4
chicago,generous,zero,point_greedy_proportional,5447834.0,1
chicago,generous,zero,quantile_full,5561653.0,3
chicago,generous,warmup,uniform,94103811.0,5
chicago,generous,warmup,proportional,6640893.0,1
chicago,generous,warmup,point_greedy_fixed,8734586.0,4
chicago,generous,warmup,point_greedy_proportional,6641642.0,2
chicago,generous,warmup,quantile_full,6802002.0,3
chicago,generous,train_avg,uniform,37821983.1,5
chicago,generous,train_avg,proportional,5927489.9,1
chicago,generous,train_avg,point_greedy_fixed,7367048.3,4
chicago,generous,train_avg,point_greedy_proportional,5928068.2,2
chicago,generous,train_avg,quantile_full,6044157.0,3
nyc,scarce,zero,uniform,190188344.0,5
nyc,scarce,zero,proportional,146024681.0,1
nyc,scarce,zero,point_greedy_fixed,154437576.0,4
nyc,scarce,zero,point_greedy_proportional,146024681.0,2
nyc,scarce,zero,quantile_full,146938634.0,3
nyc,scarce,warmup,uniform,543458684.0,5
nyc,scarce,warmup,proportional,381252857.0,2
nyc,scarce,warmup,point_greedy_fixed,403720404.0,4
nyc,scarce,warmup,point_greedy_proportional,381250373.0,1
nyc,scarce,warmup,quantile_full,384206798.0,3
nyc,scarce,train_avg,uniform,192155257.9,5
nyc,scarce,train_avg,proportional,148375199.9,2
nyc,scarce,train_avg,point_greedy_fixed,156630081.2,4
nyc,scarce,train_avg,point_greedy_proportional,148375199.9,1
nyc,scarce,train_avg,quantile_full,149285729.8,3
nyc,moderate,zero,uniform,159106556.0,5
nyc,moderate,zero,proportional,81040481.0,1
nyc,moderate,zero,point_greedy_fixed,91571785.0,4
nyc,moderate,zero,point_greedy_proportional,81065321.0,2
nyc,moderate,zero,quantile_full,82149267.0,3
nyc,moderate,warmup,uniform,461181380.0,5
nyc,moderate,warmup,proportional,187274537.0,2
nyc,moderate,warmup,point_greedy_fixed,214550399.0,4
nyc,moderate,warmup,point_greedy_proportional,187250801.0,1
nyc,moderate,warmup,quantile_full,190666838.0,3
nyc,moderate,train_avg,uniform,160759193.6,5
nyc,moderate,train_avg,proportional,83390999.9,1
nyc,moderate,train_avg,point_greedy_fixed,93885240.1,4
nyc,moderate,train_avg,point_greedy_proportional,83390999.9,2
nyc,moderate,train_avg,quantile_full,84492771.7,3
nyc,generous,zero,uniform,133717691.0,5
nyc,generous,zero,proportional,17608997.0,2
nyc,generous,zero,point_greedy_fixed,27875499.0,4
nyc,generous,zero,point_greedy_proportional,17607812.0,1
nyc,generous,zero,quantile_full,18748666.0,3
nyc,generous,warmup,uniform,386567915.0,5
nyc,generous,warmup,proportional,17608997.0,2
nyc,generous,warmup,point_greedy_fixed,28045135.0,4
nyc,generous,warmup,point_greedy_proportional,17608052.0,1
nyc,generous,warmup,quantile_full,18748666.0,3
nyc,generous,train_avg,uniform,135363587.1,5
nyc,generous,train_avg,proportional,18406799.9,1
nyc,generous,train_avg,point_greedy_fixed,29587662.1,4
nyc,generous,train_avg,point_greedy_proportional,18406799.9,2
nyc,generous,train_avg,quantile_full,19722258.7,3
sf,scarce,zero,uniform,57455738.0,5
sf,scarce,zero,proportional,29492447.0,2
sf,scarce,zero,point_greedy_fixed,30255010.0,4
sf,scarce,zero,point_greedy_proportional,29485573.0,1
sf,scarce,zero,quantile_full,29644860.0,3
sf,scarce,warmup,uniform,171776263.0,5
sf,scarce,warmup,proportional,89385523.0,1
sf,scarce,warmup,point_greedy_fixed,91291793.0,4
sf,scarce,warmup,point_greedy_proportional,89385523.0,2
sf,scarce,warmup,quantile_full,89629960.0,3
sf,scarce,train_avg,uniform,57927392.1,5
sf,scarce,train_avg,proportional,29992014.1,1
sf,scarce,train_avg,point_greedy_fixed,30786489.3,4
sf,scarce,train_avg,point_greedy_proportional,29992014.1,2
sf,scarce,train_avg,quantile_full,30139413.2,3
sf,moderate,zero,uniform,53355269.0,5
sf,moderate,zero,proportional,16214879.0,2
sf,moderate,zero,point_greedy_fixed,16972510.0,4
sf,moderate,zero,point_greedy_proportional,16203073.0,1
sf,moderate,zero,quantile_full,16362360.0,3
sf,moderate,warmup,uniform,159657069.0,5
sf,moderate,warmup,proportional,49730523.0,1
sf,moderate,warmup,point_greedy_fixed,51636793.0,4
sf,moderate,warmup,point_greedy_proportional,49730523.0,2
sf,moderate,warmup,quantile_full,49974960.0,3
sf,moderate,train_avg,uniform,53778776.2,5
sf,moderate,train_avg,proportional,16717130.4,2
sf,moderate,train_avg,point_greedy_fixed,17503989.3,4
sf,moderate,train_avg,point_greedy_proportional,16709514.1,1
sf,moderate,train_avg,quantile_full,16856913.2,3
sf,generous,zero,uniform,49559250.0,5
sf,generous,zero,proportional,3722991.0,3
sf,generous,zero,point_greedy_fixed,3952068.0,4
sf,generous,zero,point_greedy_proportional,3693584.0,2
sf,generous,zero,quantile_full,3693238.0,1
sf,generous,warmup,uniform,148326050.0,5
sf,generous,warmup,proportional,4446935.0,2
sf,generous,warmup,point_greedy_fixed,6328853.0,4
sf,generous,warmup,point_greedy_proportional,4410523.0,1
sf,generous,warmup,quantile_full,4724181.0,3
sf,generous,train_avg,uniform,49982381.1,5
sf,generous,train_avg,proportional,3739916.5,3
sf,generous,train_avg,point_greedy_fixed,3971175.0,4
sf,generous,train_avg,point_greedy_proportional,3710331.8,1
sf,generous,train_avg,quantile_full,3710386.8,2
