city,regime,crews,policy,config,total_unmet_weighted,total_unmet_raw,final_backlog,unmet_by_family
austin,scarce,11,uniform,uniform,31317861.0,17113888.0,114472.0,"[0.0, 12733.0, 2913669.0, 694.0, 51531.0, 9969124.0, 18370098.0, 12.0]"
austin,scarce,11,oracle,oracle,11412536.0,10979669.0,70556.0,"[12524.0, 2666931.0, 6736269.0, 1149551.0, 8145.0, 12314.0, 817100.0, 9702.0]"
austin,scarce,11,greedy_ev_quantile,local/calendar_weather/lgbm_quantile,11559283.0,11079062.0,71893.0,"[15612.0, 2720431.0, 6736269.0, 1149551.0, 11643.0, 30806.0, 884384.0, 10587.0]"
austin,scarce,11,proportional,local/internal/naive_trailing7,18403991.0,10653056.0,67004.0,"[774296.0, 978831.0, 2322419.0, 389159.0, 1200678.0, 4648324.0, 6926098.0, 1164186.0]"
austin,scarce,11,greedy_ev_point,local/internal/naive_trailing7,13536902.0,12144174.0,77499.0,"[13588.0, 2873731.0, 6736269.0, 1149551.0, 12570.0, 28050.0, 2711398.0, 11745.0]"
austin,scarce,11,proportional,local/internal/seasonal_naive7,18413570.0,10655535.0,67013.0,"[775696.0, 977285.0, 2322619.0, 388559.0, 1206678.0, 4649424.0, 6927098.0, 1166211.0]"
austin,scarce,11,greedy_ev_point,local/internal/seasonal_naive7,12191985.0,11450602.0,74428.0,"[13642.0, 2831531.0, 6736269.0, 1149551.0, 13749.0, 19506.0, 1417090.0, 10647.0]"
austin,scarce,11,proportional,local/internal/ridge,18409045.0,10651960.0,67000.0,"[775696.0, 977785.0, 2321719.0, 389509.0, 1212978.0, 4635924.0, 6925998.0, 1169436.0]"
austin,scarce,11,greedy_ev_point,local/internal/ridge,12680591.0,11704367.0,75038.0,"[14510.0, 2851631.0, 6736269.0, 1149551.0, 16689.0, 19024.0, 1881682.0, 11235.0]"
austin,scarce,11,proportional,local/internal/random_forest,18403345.0,10651410.0,66998.0,"[771496.0, 977285.0, 2320369.0, 388259.0, 1198878.0, 4643524.0, 6943098.0, 1160436.0]"
austin,scarce,11,greedy_ev_point,local/internal/random_forest,11839735.0,11248855.0,73250.0,"[12470.0, 2779431.0, 6736269.0, 1149551.0, 11349.0, 17110.0, 1123076.0, 10479.0]"
austin,scarce,11,proportional,local/internal/lgbm_point,18405445.0,10651410.0,66998.0,"[772496.0, 977285.0, 2319869.0, 387909.0, 1199178.0, 4642024.0, 6942798.0, 1163886.0]"
austin,scarce,11,greedy_ev_point,local/internal/lgbm_point,11782526.0,11209255.0,72770.0,"[13238.0, 2758181.0, 6736269.0, 1149551.0, 13458.0, 16666.0, 1084570.0, 10593.0]"
austin,scarce,11,proportional,local/calendar/random_forest,18402295.0,10651410.0,66998.0,"[771596.0, 977285.0, 2321069.0, 388109.0, 1195728.0, 4644424.0, 6941998.0, 1162086.0]"
austin,scarce,11,greedy_ev_point,local/calendar/random_forest,11869595.0,11263854.0,73195.0,"[12886.0, 2778581.0, 6736269.0, 1149551.0, 8487.0, 16324.0, 1157120.0, 10377.0]"
austin,scarce,11,proportional,local/calendar/lgbm_point,18403345.0,10651410.0,66998.0,"[774296.0, 977285.0, 2322219.0, 389709.0, 1203528.0, 4646224.0, 6924398.0, 1165686.0]"
austin,scarce,11,greedy_ev_point,local/calendar/lgbm_point,11651319.0,11131077.0,72163.0,"[12728.0, 2732481.0, 6736269.0, 1149551.0, 11037.0, 17306.0, 980586.0, 11361.0]"
austin,scarce,11,proportional,local/calendar_weather/ridge,18415999.0,10656928.0,67018.0,"[773896.0, 977785.0, 2321719.0, 388009.0, 1205082.0, 4641224.0, 6944398.0, 1163886.0]"
austin,scarce,11,greedy_ev_point,local/calendar_weather/ridge,12782354.0,11759763.0,75276.0,"[14710.0, 2861181.0, 6736269.0, 1149551.0, 17628.0, 19060.0, 1972096.0, 11859.0]"
austin,scarce,11,proportional,local/calendar_weather/random_forest,18402645.0,10651410.0,66998.0,"[770796.0, 977285.0, 2320819.0, 388159.0, 1196328.0, 4644124.0, 6943198.0, 1161936.0]"
austin,scarce,11,greedy_ev_point,local/calendar_weather/random_forest,11953349.0,11309672.0,73258.0,"[13548.0, 2786531.0, 6736269.0, 1149551.0, 8835.0, 16262.0, 1232120.0, 10233.0]"
austin,scarce,11,proportional,local/calendar_weather/lgbm_point,18405845.0,10651410.0,66998.0,"[776496.0, 977285.0, 2322219.0, 389409.0, 1207128.0, 4646924.0, 6917698.0, 1168686.0]"
austin,scarce,11,greedy_ev_point,local/calendar_weather/lgbm_point,11664497.0,11139501.0,72106.0,"[12692.0, 2736281.0, 6736269.0, 1149551.0, 11574.0, 17398.0, 989518.0, 11214.0]"
austin,scarce,11,proportional,global/calendar_weather/lgbm_point,18404695.0,10651410.0,66998.0,"[771996.0, 977285.0, 2319969.0, 388109.0, 1199628.0, 4644124.0, 6941498.0, 1162086.0]"
austin,scarce,11,greedy_ev_point,global/calendar_weather/lgbm_point,11667767.0,11137465.0,72056.0,"[12704.0, 2729281.0, 6736269.0, 1149551.0, 12987.0, 17252.0, 998896.0, 10827.0]"
austin,moderate,14,uniform,uniform,27454693.0,15188614.0,100672.0,"[0.0, 12733.0, 2913669.0, 17.0, 11640.0, 6146524.0, 18370098.0, 12.0]"
austin,moderate,14,oracle,oracle,6432850.0,6416955.0,37730.0,"[6552.0, 41331.0, 5212269.0, 1149551.0, 2073.0, 5104.0, 11770.0, 4200.0]"
austin,moderate,14,greedy_ev_quantile,local/calendar_weather/lgbm_quantile,6987212.0,6963129.0,41768.0,"[7352.0, 62324.0, 5729919.0, 1149551.0, 3210.0, 11650.0, 18172.0, 5034.0]"
austin,moderate,14,proportional,local/internal/naive_trailing7,8569370.0,4928249.0,25637.0,"[348296.0, 527531.0, 950419.0, 174659.0, 573882.0, 2172424.0, 3299598.0, 522561.0]"
austin,moderate,14,greedy_ev_point,local/internal/naive_trailing7,8973520.0,8938373.0,54894.0,"[6870.0, 1034335.0, 6722469.0, 1149551.0, 4641.0, 20712.0, 30196.0, 4746.0]"
austin,moderate,14,proportional,local/internal/seasonal_naive7,8556570.0,4921635.0,25613.0,"[347296.0, 526985.0, 949119.0, 173709.0, 565878.0, 2173224.0, 3296898.0, 523461.0]"
austin,moderate,14,greedy_ev_point,local/internal/seasonal_naive7,7383070.0,7349901.0,45815.0,"[8042.0, 59663.0, 6111819.0, 1149551.0, 6708.0, 11392.0, 29700.0, 6195.0]"
austin,moderate,14,proportional,local/internal/ridge,8570724.0,4927153.0,25633.0,"[350396.0, 525635.0, 949569.0, 174759.0, 573132.0, 2172124.0, 3299098.0, 526011.0]"
austin,moderate,14,greedy_ev_point,local/internal/ridge,7237756.0,7189979.0,44530.0,"[9006.0, 67657.0, 5930769.0, 1149551.0, 9417.0, 13356.0, 50092.0, 7908.0]"
austin,moderate,14,proportional,local/internal/random_forest,8558420.0,4922185.0,25615.0,"[346596.0, 525235.0, 949719.0, 173859.0, 567378.0, 2175324.0, 3299098.0, 521211.0]"
austin,moderate,14,greedy_ev_point,local/internal/random_forest,7281066.0,7257669.0,44497.0,"[7240.0, 75271.0, 6012319.0, 1149551.0, 3639.0, 9452.0, 18626.0, 4968.0]"
austin,moderate,14,proportional,local/internal/lgbm_point,8572670.0,4929349.0,25641.0,"[345796.0, 525931.0, 949669.0, 173009.0, 569532.0, 2191424.0, 3299098.0, 518211.0]"
austin,moderate,14,greedy_ev_point,local/internal/lgbm_point,7153697.0,7128083.0,43574.0,"[7884.0, 61511.0, 5894769.0, 1149551.0, 4833.0, 10012.0, 19884.0, 5253.0]"
austin,moderate,14,proportional,local/calendar/random_forest,8558720.0,4922185.0,25615.0,"[347996.0, 524835.0, 950119.0, 174159.0, 568278.0, 2191324.0, 3279898.0, 522111.0]"
austin,moderate,14,greedy_ev_point,local/calendar/random_forest,7201874.0,7179115.0,43809.0,"[7312.0, 68017.0, 5941269.0, 1149551.0, 2562.0, 9092.0, 19190.0, 4881.0]"
austin,moderate,14,proportional,local/calendar/lgbm_point,8573722.0,4930701.0,25646.0,"[345496.0, 527085.0, 949669.0, 173857.0, 569382.0, 2191924.0, 3296898.0, 519411.0]"
austin,moderate,14,greedy_ev_point,local/calendar/lgbm_point,6911817.0,6887050.0,41320.0,"[7636.0, 46817.0, 5669119.0, 1149551.0, 3921.0, 9410.0, 19672.0, 5691.0]"
austin,moderate,14,proportional,local/calendar_weather/ridge,8582163.0,4933780.0,25657.0,"[352696.0, 525431.0, 951219.0, 175959.0, 574332.0, 2170824.0, 3304398.0, 527304.0]"
austin,moderate,14,greedy_ev_point,local/calendar_weather/ridge,7184243.0,7137109.0,43615.0,"[8978.0, 61012.0, 5885569.0, 1149551.0, 10512.0, 12822.0, 47840.0, 7959.0]"
austin,moderate,14,proportional,local/calendar_weather/random_forest,8558620.0,4922185.0,25615.0,"[347896.0, 525285.0, 950169.0, 173909.0, 568878.0, 2191324.0, 3279198.0, 521961.0]"
austin,moderate,14,greedy_ev_point,local/calendar_weather/random_forest,7207529.0,7184986.0,43859.0,"[7414.0, 67171.0, 5948219.0, 1149551.0, 2562.0, 8992.0, 18688.0, 4932.0]"
austin,moderate,14,proportional,local/calendar_weather/lgbm_point,8559170.0,4922185.0,25615.0,"[347496.0, 525485.0, 949419.0, 174209.0, 569778.0, 2191724.0, 3279098.0, 521961.0]"
austin,moderate,14,greedy_ev_point,local/calendar_weather/lgbm_point,6823676.0,6797964.0,40669.0,"[7600.0, 48002.0, 5577919.0, 1149551.0, 3939.0, 10556.0, 20388.0, 5721.0]"
austin,moderate,14,proportional,global/calendar_weather/lgbm_point,8558420.0,4922185.0,25615.0,"[347196.0, 526185.0, 949369.0, 174159.0, 568578.0, 2174124.0, 3296098.0, 522711.0]"
austin,moderate,14,greedy_ev_point,global/calendar_weather/lgbm_point,6945454.0,6918540.0,41456.0,"[7584.0, 54499.0, 5690919.0, 1149551.0, 4593.0, 9966.0, 22906.0, 5436.0]"
austin,generous,17,uniform,uniform,23632081.0,13277310.0,86872.0,"[0.0, 12733.0, 2913669.0, 17.0, 11640.0, 6146524.0, 14547498.0, 0.0]"
austin,generous,17,oracle,oracle,1316118.0,1308088.0,385.0,"[4400.0, 8674.0, 464014.0, 828358.0, 489.0, 2868.0, 4840.0, 2475.0]"
austin,generous,17,greedy_ev_quantile,local/calendar_weather/lgbm_quantile,1924928.0,1908476.0,3778.0,"[5432.0, 15912.0, 825985.0, 1052101.0, 2733.0, 8168.0, 11408.0, 3189.0]"
austin,generous,17,proportional,local/internal/naive_trailing7,327110.0,187901.0,442.0,"[12810.0, 17510.0, 38009.0, 6941.0, 22152.0, 81254.0, 129282.0, 19152.0]"
austin,generous,17,greedy_ev_point,local/internal/naive_trailing7,4138389.0,4111266.0,18860.0,"[5478.0, 12992.0, 2923419.0, 1149551.0, 3477.0, 19174.0, 22318.0, 1980.0]"
austin,generous,17,proportional,local/internal/seasonal_naive7,318338.0,181792.0,338.0,"[12594.0, 15861.0, 37027.0, 6857.0, 25842.0, 77842.0, 124660.0, 17655.0]"
austin,generous,17,greedy_ev_point,local/internal/seasonal_naive7,2569597.0,2548566.0,9792.0,"[5296.0, 11541.0, 1369019.0, 1149551.0, 4413.0, 9176.0, 17286.0, 3315.0]"
austin,generous,17,proportional,local/internal/ridge,328711.0,186553.0,384.0,"[13744.0, 16164.0, 37208.0, 6958.0, 27012.0, 78012.0, 128820.0, 20793.0]"
austin,generous,17,greedy_ev_point,local/internal/ridge,2540978.0,2512761.0,9555.0,"[6640.0, 15686.0, 1323219.0, 1149551.0, 6030.0, 11622.0, 22524.0, 5706.0]"
austin,generous,17,proportional,local/internal/random_forest,303761.0,173716.0,336.0,"[11494.0, 14895.0, 35774.0, 6567.0, 22221.0, 75440.0, 118896.0, 18474.0]"
austin,generous,17,greedy_ev_point,local/internal/random_forest,2320778.0,2305153.0,7273.0,"[5304.0, 10150.0, 1132369.0, 1148551.0, 2136.0, 7720.0, 12058.0, 2490.0]"
austin,generous,17,proportional,local/internal/lgbm_point,301042.0,171172.0,334.0,"[12898.0, 14613.0, 33889.0, 6838.0, 23355.0, 72378.0, 118312.0, 18759.0]"
austin,generous,17,greedy_ev_point,local/internal/lgbm_point,2221405.0,2204134.0,6464.0,"[5680.0, 11127.0, 1040062.0, 1137751.0, 3471.0, 7720.0, 12834.0, 2760.0]"
austin,generous,17,proportional,local/calendar/random_forest,304444.0,174029.0,342.0,"[11632.0, 15198.0, 35335.0, 6605.0, 22380.0, 75640.0, 119462.0, 18192.0]"
austin,generous,17,greedy_ev_point,local/calendar/random_forest,2203710.0,2188321.0,6407.0,"[5278.0, 10741.0, 1027652.0, 1136151.0, 1986.0, 7154.0, 11898.0, 2850.0]"
austin,generous,17,proportional,local/calendar/lgbm_point,299058.0,170585.0,334.0,"[12384.0, 15447.0, 33455.0, 6800.0, 22764.0, 73136.0, 117066.0, 18006.0]"
austin,generous,17,greedy_ev_point,local/calendar/lgbm_point,1955521.0,1938793.0,4131.0,"[5422.0, 11057.0, 855640.0, 1057451.0, 2985.0, 7578.0, 12124.0, 3264.0]"
austin,generous,17,proportional,local/calendar_weather/ridge,340124.0,193187.0,470.0,"[13726.0, 15993.0, 38864.0, 7086.0, 27276.0, 81508.0, 135868.0, 19803.0]"
austin,generous,17,greedy_ev_point,local/calendar_weather/ridge,2500462.0,2471544.0,8866.0,"[6688.0, 16534.0, 1281069.0, 1149551.0, 7692.0, 11126.0, 21910.0, 5892.0]"
austin,generous,17,proportional,local/calendar_weather/random_forest,303291.0,173573.0,331.0,"[12140.0, 15792.0, 35482.0, 6237.0, 22425.0, 74844.0, 117828.0, 18543.0]"
austin,generous,17,greedy_ev_point,local/calendar_weather/random_forest,2258780.0,2243698.0,6557.0,"[5316.0, 10460.0, 1081284.0, 1138501.0, 1986.0, 7232.0, 11100.0, 2901.0]"
austin,generous,17,proportional,local/calendar_weather/lgbm_point,298315.0,170673.0,344.0,"[12474.0, 15455.0, 33942.0, 6751.0, 21711.0, 74006.0, 116336.0, 17640.0]"
austin,generous,17,greedy_ev_point,local/calendar_weather/lgbm_point,1853936.0,1836078.0,3413.0,"[5688.0, 10341.0, 775399.0, 1034651.0, 3198.0, 8370.0, 12974.0, 3315.0]"
austin,generous,17,proportional,global/calendar_weather/lgbm_point,300579.0,172271.0,341.0,"[11920.0, 15495.0, 34536.0, 6898.0, 21576.0, 73842.0, 118990.0, 17322.0]"
austin,generous,17,greedy_ev_point,global/calendar_weather/lgbm_point,2000089.0,1981620.0,4438.0,"[5334.0, 11690.0, 879878.0, 1073801.0, 3447.0, 8122.0, 14610.0, 3207.0]"
chicago,scarce,31,uniform,uniform,91343545.0,45965747.0,293223.0,"[1068.0, 0.0, 785013.0, 526224.0, 59097838.0, 30868434.0, 64968.0]"
chicago,scarce,31,oracle,oracle,50663795.0,33543896.0,183568.0,"[19302.0, 6246675.0, 10187903.0, 14952.0, 1192938.0, 32985234.0, 16791.0]"
chicago,scarce,31,greedy_ev_quantile,local/calendar_weather/lgbm_quantile,51905119.0,34157338.0,187315.0,"[39746.0, 6246675.0, 10187903.0, 45357.0, 1444098.0, 33911634.0, 29706.0]"
chicago,scarce,31,proportional,local/internal/naive_trailing7,64032110.0,33345051.0,182186.0,"[4400202.0, 2313825.0, 3500103.0, 4778220.0, 27357838.0, 16992334.0, 4689588.0]"
chicago,scarce,31,greedy_ev_point,local/internal/naive_trailing7,58796910.0,37602000.0,213419.0,"[31596.0, 6246675.0, 10187903.0, 44643.0, 2647038.0, 39601234.0, 37821.0]"
chicago,scarce,31,proportional,local/internal/seasonal_naive7,64062960.0,33365751.0,182261.0,"[4400502.0, 2324125.0, 3492653.0, 4751370.0, 27410338.0, 16990634.0, 4693338.0]"
chicago,scarce,31,greedy_ev_point,local/internal/seasonal_naive7,58809713.0,37607291.0,210621.0,"[25798.0, 6246675.0, 10187903.0, 49944.0, 2898676.0, 39361534.0, 39183.0]"
chicago,scarce,31,proportional,local/internal/ridge,64039510.0,33345051.0,182186.0,"[4400102.0, 2314325.0, 3506303.0, 4822920.0, 27353638.0, 16955034.0, 4687188.0]"
chicago,scarce,31,greedy_ev_point,local/internal/ridge,56482192.0,36445801.0,204871.0,"[22942.0, 6246675.0, 10187903.0, 44178.0, 2130634.0, 37818534.0, 31326.0]"
chicago,scarce,31,proportional,local/internal/random_forest,64028860.0,33345051.0,182186.0,"[4400002.0, 2311875.0, 3503953.0, 4773570.0, 27384038.0, 16965234.0, 4690188.0]"
chicago,scarce,31,greedy_ev_point,local/internal/random_forest,55143983.0,35777979.0,201571.0,"[21400.0, 6246675.0, 10187903.0, 38046.0, 1652162.0, 36968034.0, 29763.0]"
chicago,scarce,31,proportional,local/internal/lgbm_point,64024206.0,33340083.0,182168.0,"[4373702.0, 2323475.0, 3489353.0, 4782816.0, 27404238.0, 16962834.0, 4687788.0]"
chicago,scarce,31,greedy_ev_point,local/internal/lgbm_point,53853126.0,35130873.0,197336.0,"[23420.0, 6246675.0, 10187903.0, 43818.0, 1520720.0, 35796534.0, 34056.0]"
chicago,scarce,31,proportional,local/calendar/random_forest,64004256.0,33340083.0,182168.0,"[4375302.0, 2322875.0, 3504203.0, 4761066.0, 27377638.0, 16970734.0, 4692438.0]"
chicago,scarce,31,greedy_ev_point,local/calendar/random_forest,54987394.0,35700417.0,199586.0,"[21204.0, 6246675.0, 10187903.0, 36333.0, 1724664.0, 36743534.0, 27081.0]"
chicago,scarce,31,proportional,local/calendar/lgbm_point,64028010.0,33345051.0,182186.0,"[4375402.0, 2322625.0, 3499703.0, 4786770.0, 27377338.0, 16972234.0, 4693938.0]"
chicago,scarce,31,greedy_ev_point,local/calendar/lgbm_point,53201170.0,34804821.0,193236.0,"[22116.0, 6246675.0, 10187903.0, 44619.0, 1472324.0, 35193834.0, 33699.0]"
chicago,scarce,31,proportional,local/calendar_weather/ridge,64041360.0,33345051.0,182186.0,"[4400002.0, 2313125.0, 3491853.0, 4785270.0, 27400338.0, 16967334.0, 4683438.0]"
chicago,scarce,31,greedy_ev_point,local/calendar_weather/ridge,56631959.0,36521125.0,204921.0,"[23014.0, 6246675.0, 10187903.0, 41910.0, 2107872.0, 37993634.0, 30951.0]"
chicago,scarce,31,proportional,local/calendar_weather/random_forest,63998656.0,33340083.0,182168.0,"[4375202.0, 2321575.0, 3504203.0, 4749366.0, 27398638.0, 16966234.0, 4683438.0]"
chicago,scarce,31,greedy_ev_point,local/calendar_weather/random_forest,54837244.0,35625785.0,198971.0,"[21426.0, 6246675.0, 10187903.0, 35772.0, 1668250.0, 36652234.0, 24984.0]"
chicago,scarce,31,proportional,local/calendar_weather/lgbm_point,64023256.0,33340083.0,182168.0,"[4375102.0, 2322575.0, 3499853.0, 4797816.0, 27379138.0, 16950034.0, 4698738.0]"
chicago,scarce,31,greedy_ev_point,local/calendar_weather/lgbm_point,53244864.0,34827502.0,192936.0,"[21980.0, 6246675.0, 10187903.0, 43743.0, 1470758.0, 35244234.0, 29571.0]"
chicago,scarce,31,proportional,global/calendar_weather/lgbm_point,64030906.0,33340083.0,182168.0,"[4397902.0, 2312675.0, 3501653.0, 4799166.0, 27373438.0, 16950034.0, 4696038.0]"
chicago,scarce,31,greedy_ev_point,global/calendar_weather/lgbm_point,53096992.0,34753787.0,193021.0,"[21978.0, 6246675.0, 10187903.0, 43146.0, 1427914.0, 35140534.0, 28842.0]"
chicago,moderate,40,uniform,uniform,78941818.0,39512277.0,250951.0,"[438.0, 0.0, 172779.0, 244056.0, 51452638.0, 27045834.0, 26073.0]"
chicago,moderate,40,oracle,oracle,18843379.0,16468950.0,61801.0,"[13070.0, 3958725.0, 10142203.0, 9735.0, 241108.0, 4469052.0, 9486.0]"
chicago,moderate,40,greedy_ev_quantile,local/calendar_weather/lgbm_quantile,20246378.0,17447030.0,70456.0,"[30804.0, 4480025.0, 10187903.0, 37920.0, 365642.0, 5121266.0, 22818.0]"
chicago,moderate,40,proportional,local/internal/naive_trailing7,31037660.0,16143351.0,57986.0,"[2111802.0, 1083425.0, 1668853.0, 2231070.0, 13216738.0, 8447134.0, 2278638.0]"
chicago,moderate,40,greedy_ev_point,local/internal/naive_trailing7,30839084.0,23621766.0,107027.0,"[25424.0, 6240075.0, 10187903.0, 37680.0, 521168.0, 13793924.0, 32910.0]"
chicago,moderate,40,proportional,local/internal/seasonal_naive7,31172210.0,16205451.0,58211.0,"[2127602.0, 1078725.0, 1670003.0, 2207670.0, 13265738.0, 8500034.0, 2322438.0]"
chicago,moderate,40,greedy_ev_point,local/internal/seasonal_naive7,27131112.0,21606534.0,95076.0,"[21194.0, 5920025.0, 10187903.0, 46125.0, 528040.0, 10396034.0, 31791.0]"
chicago,moderate,40,proportional,local/internal/ridge,31068210.0,16150251.0,58011.0,"[2114302.0, 1082525.0, 1661903.0, 2225070.0, 13217138.0, 8455934.0, 2311338.0]"
chicago,moderate,40,greedy_ev_point,local/internal/ridge,24742964.0,20298476.0,90328.0,"[18524.0, 5687425.0, 10187903.0, 37602.0, 411142.0, 8373950.0, 26418.0]"
chicago,moderate,40,proportional,local/internal/random_forest,31050610.0,16143351.0,57986.0,"[2111802.0, 1081075.0, 1660403.0, 2208870.0, 13222138.0, 8459034.0, 2307288.0]"
chicago,moderate,40,greedy_ev_point,local/internal/random_forest,23558478.0,19557277.0,86017.0,"[17544.0, 5386975.0, 10187903.0, 30762.0, 349174.0, 7560476.0, 25644.0]"
chicago,moderate,40,proportional,local/internal/lgbm_point,31058160.0,16143351.0,57986.0,"[2112602.0, 1075075.0, 1664003.0, 2222820.0, 13208738.0, 8466134.0, 2308788.0]"
chicago,moderate,40,greedy_ev_point,local/internal/lgbm_point,22420938.0,18834136.0,81217.0,"[19316.0, 5081025.0, 10187903.0, 36207.0, 331530.0, 6736382.0, 28575.0]"
chicago,moderate,40,proportional,local/calendar/random_forest,31058360.0,16143351.0,57986.0,"[2113502.0, 1074275.0, 1663053.0, 2223120.0, 13223538.0, 8457034.0, 2303838.0]"
chicago,moderate,40,greedy_ev_point,local/calendar/random_forest,23516285.0,19506746.0,83478.0,"[17936.0, 5326975.0, 10187903.0, 29610.0, 346466.0, 7583992.0, 23403.0]"
chicago,moderate,40,proportional,local/calendar/lgbm_point,31049556.0,16138383.0,57968.0,"[2115902.0, 1082575.0, 1660803.0, 2226966.0, 13193938.0, 8447834.0, 2321538.0]"
chicago,moderate,40,greedy_ev_point,local/calendar/lgbm_point,21925018.0,18494305.0,76293.0,"[18392.0, 4897375.0, 10187903.0, 36705.0, 341022.0, 6415268.0, 28353.0]"
chicago,moderate,40,proportional,local/calendar_weather/ridge,31091760.0,16164051.0,58061.0,"[2121702.0, 1079475.0, 1662003.0, 2195970.0, 13231138.0, 8482034.0, 2319438.0]"
chicago,moderate,40,greedy_ev_point,local/calendar_weather/ridge,25316282.0,20602618.0,90178.0,"[19696.0, 5721975.0, 10187903.0, 35841.0, 397178.0, 8926758.0, 26931.0]"
chicago,moderate,40,proportional,local/calendar_weather/random_forest,31040310.0,16143351.0,57986.0,"[2115502.0, 1080425.0, 1661653.0, 2201670.0, 13222738.0, 8472934.0, 2285388.0]"
chicago,moderate,40,greedy_ev_point,local/calendar_weather/random_forest,23397977.0,19423104.0,82878.0,"[18018.0, 5276975.0, 10187903.0, 28845.0, 324614.0, 7540526.0, 21096.0]"
chicago,moderate,40,proportional,local/calendar_weather/lgbm_point,31055960.0,16143351.0,57986.0,"[2109802.0, 1082975.0, 1661503.0, 2215020.0, 13209838.0, 8450634.0, 2326188.0]"
chicago,moderate,40,greedy_ev_point,local/calendar_weather/lgbm_point,21884158.0,18470267.0,75378.0,"[18302.0, 4888875.0, 10187903.0, 36279.0, 318150.0, 6409722.0, 24927.0]"
chicago,moderate,40,proportional,global/calendar_weather/lgbm_point,31049910.0,16143351.0,57986.0,"[2110802.0, 1082525.0, 1661853.0, 2217120.0, 13212838.0, 8459134.0, 2305638.0]"
chicago,moderate,40,greedy_ev_point,global/calendar_weather/lgbm_point,21771184.0,18375503.0,75228.0,"[17348.0, 4811925.0, 10187903.0, 35925.0, 303336.0, 6390654.0, 24093.0]"
chicago,generous,49,uniform,uniform,67244290.0,33601106.0,209457.0,"[268.0, 0.0, 21779.0, 182814.0, 47630038.0, 19400634.0, 8757.0]"
chicago,generous,49,oracle,oracle,2922986.0,2662664.0,575.0,"[5834.0, 185933.0, 2219115.0, 3660.0, 106736.0, 397250.0, 4458.0]"
chicago,generous,49,greedy_ev_quantile,local/calendar_weather/lgbm_quantile,4023406.0,3691134.0,996.0,"[14796.0, 229651.0, 3144214.0, 30066.0, 167404.0, 422332.0, 14943.0]"
chicago,generous,49,proportional,local/internal/naive_trailing7,4539654.0,2330251.0,774.0,"[295760.0, 149497.0, 235372.0, 422445.0, 1941972.0, 1124990.0, 369618.0]"
chicago,generous,49,greedy_ev_point,local/internal/naive_trailing7,9819761.0,9134511.0,6583.0,"[17868.0, 1344794.0, 7123303.0, 32670.0, 265556.0, 1011732.0, 23838.0]"
chicago,generous,49,proportional,local/internal/seasonal_naive7,4643241.0,2385672.0,676.0,"[302892.0, 154335.0, 242216.0, 428514.0, 1987064.0, 1151390.0, 376830.0]"
chicago,generous,49,greedy_ev_point,local/internal/seasonal_naive7,7269984.0,6634451.0,991.0,"[12546.0, 576966.0, 5444629.0, 41133.0, 233550.0, 934262.0, 26898.0]"
chicago,generous,49,proportional,local/internal/ridge,4518260.0,2319668.0,763.0,"[294304.0, 147497.0, 234704.0, 418392.0, 1937732.0, 1120648.0, 364983.0]"
chicago,generous,49,greedy_ev_point,local/internal/ridge,6265046.0,5766867.0,1285.0,"[11248.0, 398897.0, 4887550.0, 32037.0, 176114.0, 737960.0, 21240.0]"
chicago,generous,49,proportional,local/internal/random_forest,4509709.0,2315887.0,757.0,"[291866.0, 148350.0, 233293.0, 418365.0, 1936390.0, 1121076.0, 360369.0]"
chicago,generous,49,greedy_ev_point,local/internal/random_forest,5396133.0,4976731.0,1193.0,"[10738.0, 330249.0, 4242357.0, 24072.0, 159238.0, 607720.0, 21759.0]"
chicago,generous,49,proportional,local/internal/lgbm_point,4502874.0,2310181.0,615.0,"[291942.0, 148007.0, 232104.0, 419793.0, 1929526.0, 1113426.0, 368076.0]"
chicago,generous,49,greedy_ev_point,local/internal/lgbm_point,4678514.0,4284513.0,1097.0,"[10830.0, 282005.0, 3626057.0, 29778.0, 151788.0, 555184.0, 22872.0]"
chicago,generous,49,proportional,local/calendar/random_forest,4506083.0,2314457.0,774.0,"[293506.0, 147626.0, 232939.0, 413076.0, 1936492.0, 1122318.0, 360126.0]"
chicago,generous,49,greedy_ev_point,local/calendar/random_forest,5186333.0,4771636.0,1158.0,"[9398.0, 322615.0, 4048492.0, 23280.0, 156714.0, 606610.0, 19224.0]"
chicago,generous,49,proportional,local/calendar/lgbm_point,4505215.0,2309807.0,613.0,"[290484.0, 147000.0, 234003.0, 429048.0, 1923140.0, 1110776.0, 370764.0]"
chicago,generous,49,greedy_ev_point,local/calendar/lgbm_point,4323623.0,3924819.0,1008.0,"[10304.0, 265442.0, 3278162.0, 29112.0, 154908.0, 562040.0, 23655.0]"
chicago,generous,49,proportional,local/calendar_weather/ridge,4547819.0,2335511.0,850.0,"[292734.0, 147910.0, 236132.0, 414543.0, 1958030.0, 1130496.0, 367974.0]"
chicago,generous,49,greedy_ev_point,local/calendar_weather/ridge,6226765.0,5743476.0,1272.0,"[11614.0, 416667.0, 4860856.0, 31134.0, 169274.0, 716346.0, 20874.0]"
chicago,generous,49,proportional,local/calendar_weather/random_forest,4494316.0,2308181.0,732.0,"[292876.0, 148603.0, 232173.0, 416073.0, 1924348.0, 1120126.0, 360117.0]"
chicago,generous,49,greedy_ev_point,local/calendar_weather/random_forest,5189471.0,4786003.0,1047.0,"[9784.0, 317028.0, 4078803.0, 22881.0, 148642.0, 595326.0, 17007.0]"
chicago,generous,49,proportional,local/calendar_weather/lgbm_point,4500431.0,2306792.0,560.0,"[292110.0, 147555.0, 231191.0, 429798.0, 1924368.0, 1108428.0, 366981.0]"
chicago,generous,49,greedy_ev_point,local/calendar_weather/lgbm_point,4345992.0,3967007.0,858.0,"[10038.0, 257240.0, 3346796.0, 28257.0, 147896.0, 535980.0, 19785.0]"
chicago,generous,49,proportional,global/calendar_weather/lgbm_point,4494561.0,2304576.0,610.0,"[294650.0, 147138.0, 231786.0, 427689.0, 1919824.0, 1108164.0, 365310.0]"
chicago,generous,49,greedy_ev_point,global/calendar_weather/lgbm_point,4295124.0,3934032.0,982.0,"[10236.0, 253243.0, 3335268.0, 29034.0, 140794.0, 508870.0, 17679.0]"
nyc,scarce,139,uniform,uniform,287133254.0,171033082.0,1334303.0,"[66029378.0, 54946351.0, 39.0, 4969.0, 45699.0, 5799742.0, 160297428.0, 9648.0]"
nyc,scarce,139,oracle,oracle,110585188.0,108490212.0,831172.0,"[16888.0, 66982401.0, 25371193.0, 14046555.0, 6654.0, 17574.0, 4135838.0, 8085.0]"
nyc,scarce,139,greedy_ev_quantile,local/calendar_weather/lgbm_quantile,115945401.0,113540764.0,860611.0,"[293784.0, 71741051.0, 25371193.0, 14046555.0, 30345.0, 70954.0, 4353848.0, 37671.0]"
nyc,scarce,139,proportional,local/internal/naive_trailing7,187484121.0,107798681.0,827316.0,"[46826778.0, 25936501.0, 6817343.0, 3034705.0, 8893113.0, 19343342.0, 62499528.0, 14132811.0]"
nyc,scarce,139,greedy_ev_point,local/internal/naive_trailing7,131664935.0,126360010.0,971845.0,"[209792.0, 81665951.0, 25371193.0, 14046555.0, 32052.0, 62446.0, 10223156.0, 53790.0]"
nyc,scarce,139,proportional,local/internal/seasonal_naive7,187516221.0,107798681.0,827316.0,"[46887878.0, 25924901.0, 6803893.0, 3039805.0, 8883513.0, 19337242.0, 62460128.0, 14178861.0]"
nyc,scarce,139,greedy_ev_point,local/internal/seasonal_naive7,128268622.0,122234982.0,962275.0,"[210938.0, 76815901.0, 25371193.0, 14046555.0, 40053.0, 69260.0, 11657854.0, 56868.0]"
nyc,scarce,139,proportional,local/internal/ridge,187498071.0,107798681.0,827316.0,"[46856778.0, 25928051.0, 6813443.0, 3042205.0, 8901213.0, 19328042.0, 62476328.0, 14152011.0]"
nyc,scarce,139,greedy_ev_point,local/internal/ridge,124108874.0,119907797.0,922611.0,"[165752.0, 76311851.0, 25371193.0, 14046555.0, 29004.0, 44626.0, 8100260.0, 39633.0]"
nyc,scarce,139,proportional,local/internal/random_forest,187499021.0,107798681.0,827316.0,"[46853278.0, 25925901.0, 6812443.0, 3041855.0, 8881413.0, 19333042.0, 62486928.0, 14164161.0]"
nyc,scarce,139,greedy_ev_point,local/internal/random_forest,122938480.0,118715169.0,917333.0,"[157106.0, 75095851.0, 25371193.0, 14046555.0, 27336.0, 44922.0, 8157630.0, 37887.0]"
nyc,scarce,139,proportional,local/internal/lgbm_point,187522071.0,107798681.0,827316.0,"[46857578.0, 25926201.0, 6806793.0, 3042655.0, 8903013.0, 19331442.0, 62456328.0, 14198061.0]"
nyc,scarce,139,greedy_ev_point,local/internal/lgbm_point,120743266.0,116742375.0,902627.0,"[177068.0, 73349651.0, 25371193.0, 14046555.0, 31197.0, 48700.0, 7672354.0, 46548.0]"
nyc,scarce,139,proportional,local/calendar/random_forest,187510521.0,107798681.0,827316.0,"[46859378.0, 25930701.0, 6812293.0, 3029805.0, 8899863.0, 19343142.0, 62477328.0, 14158011.0]"
nyc,scarce,139,greedy_ev_point,local/calendar/random_forest,122204988.0,118222157.0,909599.0,"[157194.0, 74841701.0, 25371193.0, 14046555.0, 25788.0, 43552.0, 7684424.0, 34581.0]"
nyc,scarce,139,proportional,local/calendar/lgbm_point,187498021.0,107798681.0,827316.0,"[46882278.0, 25926501.0, 6811343.0, 3045505.0, 8887113.0, 19307142.0, 62473228.0, 14164911.0]"
nyc,scarce,139,greedy_ev_point,local/calendar/lgbm_point,118720795.0,115326928.0,886551.0,"[173966.0, 72539151.0, 25371193.0, 14046555.0, 30201.0, 43708.0, 6474708.0, 41313.0]"
nyc,scarce,139,proportional,local/calendar_weather/ridge,187506941.0,107802821.0,827331.0,"[46868778.0, 25929851.0, 6814843.0, 3037205.0, 8889933.0, 19328742.0, 62477928.0, 14159661.0]"
nyc,scarce,139,greedy_ev_point,local/calendar_weather/ridge,124051486.0,120079122.0,920801.0,"[164692.0, 76711501.0, 25371193.0, 14046555.0, 29433.0, 42608.0, 7647464.0, 38040.0]"
nyc,scarce,139,proportional,local/calendar_weather/random_forest,187499571.0,107798681.0,827316.0,"[46865178.0, 25927851.0, 6812743.0, 3033005.0, 8866863.0, 19343142.0, 62490228.0, 14160561.0]"
nyc,scarce,139,greedy_ev_point,local/calendar_weather/random_forest,121839753.0,118159040.0,904715.0,"[150442.0, 75081201.0, 25371193.0, 14046555.0, 26295.0, 41880.0, 7086616.0, 35571.0]"
nyc,scarce,139,proportional,local/calendar_weather/lgbm_point,187498121.0,107798681.0,827316.0,"[46862278.0, 25919951.0, 6821743.0, 3043705.0, 8900763.0, 19337042.0, 62454928.0, 14157711.0]"
nyc,scarce,139,greedy_ev_point,local/calendar_weather/lgbm_point,117775569.0,114642114.0,879977.0,"[150616.0, 72112851.0, 25371193.0, 14046555.0, 28266.0, 41560.0, 5986974.0, 37554.0]"
nyc,scarce,139,proportional,global/calendar_weather/lgbm_point,187533021.0,107798681.0,827316.0,"[46870678.0, 25925751.0, 6813043.0, 3031005.0, 8928513.0, 19339842.0, 62436328.0, 14187861.0]"
nyc,scarce,139,greedy_ev_point,global/calendar_weather/lgbm_point,117875588.0,114708939.0,880812.0,"[152022.0, 72148951.0, 25371193.0, 14046555.0, 31896.0, 42408.0, 6041232.0, 41331.0]"
nyc,moderate,179,uniform,uniform,233536631.0,139459532.0,1124227.0,"[46916378.0, 45389851.0, 0.0, 949.0, 24924.0, 19924.0, 141184428.0, 177.0]"
nyc,moderate,179,oracle,oracle,32819423.0,32764512.0,285075.0,"[3860.0, 5019001.0, 14590343.0, 13102355.0, 3180.0, 4520.0, 93050.0, 3114.0]"
nyc,moderate,179,greedy_ev_quantile,local/calendar_weather/lgbm_quantile,42321509.0,42137437.0,353821.0,"[169986.0, 8431755.0, 20188343.0, 13349655.0, 21285.0, 25210.0, 107396.0, 27879.0]"
nyc,moderate,179,proportional,local/internal/naive_trailing7,55776080.0,31945585.0,277541.0,"[16114952.0, 7683255.0, 1842963.0, 674339.0, 2366973.0, 5153142.0, 18051028.0, 3889428.0]"
nyc,moderate,179,greedy_ev_point,local/internal/naive_trailing7,55518471.0,55184172.0,456707.0,"[191496.0, 16577374.0, 24334093.0, 13963755.0, 27402.0, 38874.0, 336832.0, 48645.0]"
nyc,moderate,179,proportional,local/internal/seasonal_naive7,55426168.0,31749595.0,276805.0,"[16036752.0, 7637705.0, 1829893.0, 670505.0, 2341473.0, 5125742.0, 17930328.0, 3853770.0]"
nyc,moderate,179,greedy_ev_point,local/internal/seasonal_naive7,50775243.0,50415267.0,443310.0,"[194206.0, 13412869.0, 22666443.0, 14006055.0, 37365.0, 40046.0, 365396.0, 52863.0]"
nyc,moderate,179,proportional,local/internal/ridge,55242774.0,31637655.0,276391.0,"[16025800.0, 7610615.0, 1820143.0, 663145.0, 2343171.0, 5091342.0, 17847628.0, 3840930.0]"
nyc,moderate,179,greedy_ev_point,local/internal/ridge,47626816.0,47404890.0,397900.0,"[145240.0, 10490245.0, 22749993.0, 13963755.0, 26262.0, 25694.0, 188802.0, 36825.0]"
nyc,moderate,179,proportional,local/internal/random_forest,55149768.0,31583805.0,276191.0,"[15990848.0, 7603731.0, 1816193.0, 656395.0, 2351001.0, 5089742.0, 17817428.0, 3824430.0]"
nyc,moderate,179,greedy_ev_point,local/internal/random_forest,46439760.0,46228055.0,392800.0,"[143312.0, 10102397.0, 21941993.0, 13991355.0, 24072.0, 27498.0, 175020.0, 34113.0]"
nyc,moderate,179,proportional,local/internal/lgbm_point,55108501.0,31566455.0,276130.0,"[15976806.0, 7605139.0, 1818443.0, 663081.0, 2348421.0, 5073542.0, 17784728.0, 3838341.0]"
nyc,moderate,179,greedy_ev_point,local/internal/lgbm_point,44043827.0,43814104.0,375131.0,"[162122.0, 9256459.0, 20400043.0, 13950605.0, 26442.0, 29404.0, 177016.0, 41736.0]"
nyc,moderate,179,proportional,local/calendar/random_forest,55085302.0,31551479.0,276073.0,"[15970748.0, 7596615.0, 1814993.0, 661255.0, 2338641.0, 5080442.0, 17795628.0, 3826980.0]"
nyc,moderate,179,greedy_ev_point,local/calendar/random_forest,45693292.0,45486574.0,383011.0,"[143078.0, 9466455.0, 21784543.0, 14046555.0, 22479.0, 25392.0, 174178.0, 30612.0]"
nyc,moderate,179,proportional,local/calendar/lgbm_point,55057458.0,31529758.0,275994.0,"[15968678.0, 7584133.0, 1811943.0, 665345.0, 2342721.0, 5074542.0, 17774728.0, 3835368.0]"
nyc,moderate,179,greedy_ev_point,local/calendar/lgbm_point,42622517.0,42396838.0,358188.0,"[155978.0, 8249642.0, 19895593.0, 14046555.0, 25578.0, 25230.0, 187626.0, 36315.0]"
nyc,moderate,179,proportional,local/calendar_weather/ridge,55268976.0,31650889.0,276440.0,"[16031900.0, 7613215.0, 1820893.0, 663895.0, 2346423.0, 5094642.0, 17848828.0, 3849180.0]"
nyc,moderate,179,greedy_ev_point,local/calendar_weather/ridge,48177826.0,47958859.0,397952.0,"[144880.0, 10734235.0, 23062393.0, 13963755.0, 27045.0, 24944.0, 186146.0, 34428.0]"
nyc,moderate,179,proportional,local/calendar_weather/random_forest,55096279.0,31551632.0,276073.0,"[15980748.0, 7591231.0, 1812943.0, 662055.0, 2333391.0, 5083742.0, 17787828.0, 3844341.0]"
nyc,moderate,179,greedy_ev_point,local/calendar_weather/random_forest,45656940.0,45459995.0,379209.0,"[138126.0, 9195249.0, 22039043.0, 14046555.0, 22374.0, 26198.0, 158378.0, 31017.0]"
nyc,moderate,179,proportional,local/calendar_weather/lgbm_point,54966711.0,31478537.0,275801.0,"[15950978.0, 7577605.0, 1809843.0, 663415.0, 2342871.0, 5053442.0, 17729928.0, 3838629.0]"
nyc,moderate,179,greedy_ev_point,local/calendar_weather/lgbm_point,41582946.0,41381369.0,350540.0,"[134142.0, 8001244.0, 19272843.0, 13925055.0, 24816.0, 23050.0, 168562.0, 33234.0]"
nyc,moderate,179,proportional,global/calendar_weather/lgbm_point,54931533.0,31459535.0,275731.0,"[15934878.0, 7570241.0, 1814093.0, 661115.0, 2340741.0, 5054242.0, 17723228.0, 3832995.0]"
nyc,moderate,179,greedy_ev_point,global/calendar_weather/lgbm_point,41798706.0,41589869.0,351948.0,"[135122.0, 8135512.0, 19543243.0, 13723555.0, 27669.0, 23758.0, 173682.0, 36165.0]"
nyc,generous,219,uniform,uniform,185723941.0,110776184.0,917227.0,"[27803378.0, 35833351.0, 0.0, 253.0, 15531.0, 0.0, 122071428.0, 0.0]"
nyc,generous,219,oracle,oracle,744036.0,737547.0,3033.0,"[1060.0, 307236.0, 329223.0, 95183.0, 990.0, 1464.0, 8118.0, 762.0]"
nyc,generous,219,greedy_ev_quantile,local/calendar_weather/lgbm_quantile,1307224.0,1213675.0,17970.0,"[102768.0, 611064.0, 417515.0, 102344.0, 14280.0, 11648.0, 29494.0, 18111.0]"
nyc,generous,219,proportional,local/internal/naive_trailing7,2028089.0,1164852.0,5626.0,"[710254.0, 302634.0, 54819.0, 18874.0, 76692.0, 141892.0, 575480.0, 147444.0]"
nyc,generous,219,greedy_ev_point,local/internal/naive_trailing7,2607243.0,2404690.0,37722.0,"[164252.0, 1012522.0, 572963.0, 640608.0, 25563.0, 36148.0, 108882.0, 46305.0]"
nyc,generous,219,proportional,local/internal/seasonal_naive7,2052619.0,1166523.0,8418.0,"[746428.0, 291457.0, 50796.0, 17754.0, 87051.0, 134314.0, 573130.0, 151689.0]"
nyc,generous,219,greedy_ev_point,local/internal/seasonal_naive7,2769689.0,2569226.0,51997.0,"[163946.0, 1172317.0, 743815.0, 479898.0, 33549.0, 36238.0, 91674.0, 48252.0]"
nyc,generous,219,proportional,local/internal/ridge,1697917.0,969222.0,4649.0,"[621946.0, 246524.0, 43360.0, 12781.0, 67167.0, 109446.0, 477446.0, 119247.0]"
nyc,generous,219,greedy_ev_point,local/internal/ridge,1657782.0,1520503.0,23551.0,"[106884.0, 741875.0, 495093.0, 165252.0, 23016.0, 21782.0, 69908.0, 33972.0]"
nyc,generous,219,proportional,local/internal/random_forest,1677747.0,960119.0,4754.0,"[611176.0, 249294.0, 41842.0, 11731.0, 65397.0, 107974.0, 474602.0, 115731.0]"
nyc,generous,219,greedy_ev_point,local/internal/random_forest,1582417.0,1447494.0,22693.0,"[111804.0, 691315.0, 475781.0, 162955.0, 20721.0, 23226.0, 64896.0, 31719.0]"
nyc,generous,219,proportional,local/internal/lgbm_point,1685693.0,967902.0,5039.0,"[614854.0, 259682.0, 40478.0, 13328.0, 68091.0, 105962.0, 461258.0, 122040.0]"
nyc,generous,219,greedy_ev_point,local/internal/lgbm_point,1531044.0,1383574.0,19483.0,"[120958.0, 646564.0, 461988.0, 147809.0, 23658.0, 24572.0, 68382.0, 37113.0]"
nyc,generous,219,proportional,local/calendar/random_forest,1652460.0,946652.0,4732.0,"[610724.0, 245719.0, 41455.0, 11130.0, 59973.0, 105056.0, 465996.0, 112407.0]"
nyc,generous,219,greedy_ev_point,local/calendar/random_forest,1528850.0,1400547.0,20123.0,"[109824.0, 676726.0, 456521.0, 154696.0, 19653.0, 21146.0, 62840.0, 27444.0]"
nyc,generous,219,proportional,local/calendar/lgbm_point,1630250.0,932665.0,4623.0,"[612196.0, 242490.0, 38999.0, 12661.0, 62358.0, 99786.0, 446908.0, 114852.0]"
nyc,generous,219,greedy_ev_point,local/calendar/lgbm_point,1445812.0,1310512.0,18401.0,"[109806.0, 631189.0, 436557.0, 125333.0, 21861.0, 19918.0, 69408.0, 31740.0]"
nyc,generous,219,proportional,local/calendar_weather/ridge,1704403.0,972210.0,4729.0,"[624218.0, 246180.0, 43642.0, 12675.0, 67290.0, 110346.0, 479902.0, 120150.0]"
nyc,generous,219,greedy_ev_point,local/calendar_weather/ridge,1617442.0,1482243.0,23054.0,"[108276.0, 708189.0, 487307.0, 170044.0, 23904.0, 20168.0, 67970.0, 31584.0]"
nyc,generous,219,proportional,local/calendar_weather/random_forest,1637498.0,937467.0,4654.0,"[607572.0, 243136.0, 40653.0, 11492.0, 59880.0, 106248.0, 454862.0, 113655.0]"
nyc,generous,219,greedy_ev_point,local/calendar_weather/random_forest,1484038.0,1361125.0,20107.0,"[103998.0, 648773.0, 451084.0, 154333.0, 19383.0, 21548.0, 56368.0, 28551.0]"
nyc,generous,219,proportional,local/calendar_weather/lgbm_point,1592528.0,913469.0,4523.0,"[587204.0, 241911.0, 37683.0, 13027.0, 62568.0, 100204.0, 437866.0, 112065.0]"
nyc,generous,219,greedy_ev_point,local/calendar_weather/lgbm_point,1410432.0,1292192.0,18399.0,"[92072.0, 620172.0, 440047.0, 130383.0, 21114.0, 19366.0, 58442.0, 28836.0]"
nyc,generous,219,proportional,global/calendar_weather/lgbm_point,1601628.0,917512.0,4671.0,"[587478.0, 241415.0, 39056.0, 12838.0, 65469.0, 101556.0, 439546.0, 114270.0]"
nyc,generous,219,greedy_ev_point,global/calendar_weather/lgbm_point,1402173.0,1280317.0,17711.0,"[89902.0, 613608.0, 432836.0, 130319.0, 23490.0, 19444.0, 61158.0, 31416.0]"
sf,scarce,30,uniform,uniform,110506004.0,55253077.0,418835.0,"[0.0, 0.0, 806.0, 71.0, 0.0, 15843058.0, 94659888.0, 2181.0]"
sf,scarce,30,oracle,oracle,35338287.0,22035979.0,177056.0,"[13570.0, 1158969.0, 5998369.0, 1582333.0, 8418.0, 13658.0, 26553388.0, 9582.0]"
sf,scarce,30,greedy_ev_quantile,local/calendar_weather/lgbm_quantile,35503757.0,22117955.0,177749.0,"[16202.0, 1158969.0, 5998369.0, 1582333.0, 8418.0, 83042.0, 26642288.0, 14136.0]"
sf,scarce,30,proportional,local/internal/naive_trailing7,41824177.0,21903539.0,176173.0,"[533554.0, 274893.0, 1706019.0, 284883.0, 8418.0, 8063658.0, 30112488.0, 840264.0]"
sf,scarce,30,greedy_ev_point,local/internal/naive_trailing7,38666204.0,23699206.0,189136.0,"[13802.0, 1158969.0, 5998369.0, 1582333.0, 8418.0, 37254.0, 29853088.0, 13971.0]"
sf,scarce,30,proportional,local/internal/seasonal_naive7,41839079.0,21908159.0,176190.0,"[525270.0, 270493.0, 1704419.0, 281183.0, 8418.0, 8065258.0, 30155888.0, 828150.0]"
sf,scarce,30,greedy_ev_point,local/internal/seasonal_naive7,38061563.0,23396749.0,187746.0,"[13934.0, 1158969.0, 5998369.0, 1582333.0, 8418.0, 33262.0, 29251488.0, 14790.0]"
sf,scarce,30,proportional,local/internal/ridge,41831901.0,21907048.0,176186.0,"[527784.0, 274387.0, 1706169.0, 284433.0, 8418.0, 8060558.0, 30130188.0, 839964.0]"
sf,scarce,30,greedy_ev_point,local/internal/ridge,37341167.0,23036474.0,185106.0,"[13422.0, 1158969.0, 5998369.0, 1582333.0, 8418.0, 29116.0, 28535288.0, 15252.0]"
sf,scarce,30,proportional,local/internal/random_forest,41813571.0,21897487.0,176151.0,"[533054.0, 273743.0, 1705169.0, 284883.0, 8418.0, 8064058.0, 30105488.0, 838758.0]"
sf,scarce,30,greedy_ev_point,local/internal/random_forest,36942086.0,22837395.0,183638.0,"[13476.0, 1158969.0, 5998369.0, 1582333.0, 8418.0, 31750.0, 28136288.0, 12483.0]"
sf,scarce,30,proportional,local/internal/lgbm_point,41811663.0,21896121.0,176146.0,"[532170.0, 274669.0, 1704519.0, 283833.0, 8418.0, 8063758.0, 30105388.0, 838908.0]"
sf,scarce,30,greedy_ev_point,local/internal/lgbm_point,36836946.0,22784465.0,182952.0,"[13286.0, 1158969.0, 5998369.0, 1582333.0, 8418.0, 35340.0, 28025588.0, 14643.0]"
sf,scarce,30,proportional,local/calendar/random_forest,41813971.0,21897487.0,176151.0,"[528254.0, 273693.0, 1704919.0, 283333.0, 8418.0, 8071058.0, 30109888.0, 834408.0]"
sf,scarce,30,greedy_ev_point,local/calendar/random_forest,36890806.0,22811764.0,183402.0,"[13254.0, 1158969.0, 5998369.0, 1582333.0, 8418.0, 30846.0, 28086188.0, 12429.0]"
sf,scarce,30,proportional,local/calendar/lgbm_point,41813447.0,21897213.0,176150.0,"[527854.0, 274369.0, 1705169.0, 283583.0, 8418.0, 8069858.0, 30106188.0, 838008.0]"
sf,scarce,30,greedy_ev_point,local/calendar/lgbm_point,36725276.0,22728685.0,182438.0,"[13458.0, 1158969.0, 5998369.0, 1582333.0, 8418.0, 33628.0, 27915788.0, 14313.0]"
sf,scarce,30,proportional,local/calendar_weather/ridge,41842908.0,21911442.0,176202.0,"[522934.0, 272687.0, 1706319.0, 282233.0, 8418.0, 8060858.0, 30154088.0, 835371.0]"
sf,scarce,30,greedy_ev_point,local/calendar_weather/ridge,37745528.0,23239958.0,186431.0,"[12796.0, 1158969.0, 5998369.0, 1582333.0, 2973.0, 27724.0, 28949488.0, 12876.0]"
sf,scarce,30,proportional,local/calendar_weather/random_forest,41814047.0,21897213.0,176150.0,"[528654.0, 274469.0, 1704319.0, 282933.0, 8418.0, 8070958.0, 30108688.0, 835608.0]"
sf,scarce,30,greedy_ev_point,local/calendar_weather/random_forest,36782609.0,22757574.0,182636.0,"[13702.0, 1158969.0, 5998369.0, 1582333.0, 8418.0, 30152.0, 27977688.0, 12978.0]"
sf,scarce,30,proportional,local/calendar_weather/lgbm_point,41811097.0,21897213.0,176150.0,"[528354.0, 275769.0, 1705569.0, 284883.0, 8418.0, 8062558.0, 30105288.0, 840258.0]"
sf,scarce,30,greedy_ev_point,local/calendar_weather/lgbm_point,36720406.0,22726352.0,182288.0,"[13458.0, 1158969.0, 5998369.0, 1582333.0, 8418.0, 31470.0, 27913688.0, 13701.0]"
sf,scarce,30,proportional,global/calendar_weather/lgbm_point,41839954.0,21911220.0,176201.0,"[532754.0, 273676.0, 1705719.0, 284583.0, 8418.0, 8067358.0, 30131388.0, 836058.0]"
sf,scarce,30,greedy_ev_point,global/calendar_weather/lgbm_point,36453334.0,22592737.0,181777.0,"[13636.0, 1158969.0, 5998369.0, 1582333.0, 8418.0, 29446.0, 27647988.0, 14175.0]"
sf,moderate,39,uniform,uniform,99119234.0,49559423.0,377585.0,"[0.0, 0.0, 10.0, 21.0, 0.0, 12048058.0, 87069888.0, 1257.0]"
sf,moderate,39,oracle,oracle,7476358.0,5980626.0,57677.0,"[11812.0, 516209.0, 3170391.0, 801113.0, 315.0, 11406.0, 2956970.0, 8142.0]"
sf,moderate,39,greedy_ev_quantile,local/calendar_weather/lgbm_quantile,8214460.0,6666694.0,60947.0,"[13596.0, 538234.0, 3341819.0, 1245333.0, 8418.0, 68994.0, 2987110.0, 10956.0]"
sf,moderate,39,proportional,local/internal/naive_trailing7,11301356.0,5877458.0,56887.0,"[152178.0, 78156.0, 381958.0, 80904.0, 8418.0, 2099990.0, 8245796.0, 253956.0]"
sf,moderate,39,greedy_ev_point,local/internal/naive_trailing7,10392097.0,8255412.0,72321.0,"[11956.0, 610887.0, 3959719.0, 1554883.0, 8418.0, 35816.0, 4198550.0, 11868.0]"
sf,moderate,39,proportional,local/internal/seasonal_naive7,11357439.0,5905604.0,57012.0,"[149964.0, 76175.0, 382517.0, 80101.0, 729.0, 2116818.0, 8296792.0, 254343.0]"
sf,moderate,39,greedy_ev_point,local/internal/seasonal_naive7,9464165.0,7430480.0,68629.0,"[12234.0, 553254.0, 3391691.0, 1459082.0, 8418.0, 32064.0, 3994144.0, 13278.0]"
sf,moderate,39,proportional,local/internal/ridge,11303929.0,5877052.0,56890.0,"[149556.0, 76232.0, 381954.0, 79218.0, 8418.0, 2107200.0, 8248082.0, 253269.0]"
sf,moderate,39,greedy_ev_point,local/internal/ridge,9121644.0,7246581.0,66780.0,"[11552.0, 535727.0, 3447091.0, 1395733.0, 8418.0, 27666.0, 3682776.0, 12681.0]"
sf,moderate,39,proportional,local/internal/random_forest,11313625.0,5881469.0,56908.0,"[149696.0, 76525.0, 380740.0, 79000.0, 8418.0, 2110010.0, 8256798.0, 252438.0]"
sf,moderate,39,greedy_ev_point,local/internal/random_forest,9202267.0,7380692.0,66768.0,"[11552.0, 561353.0, 3541469.0, 1462383.0, 8418.0, 29832.0, 3577414.0, 9846.0]"
sf,moderate,39,proportional,local/internal/lgbm_point,11327049.0,5889402.0,56945.0,"[151790.0, 77301.0, 382542.0, 79611.0, 8418.0, 2112424.0, 8260284.0, 254679.0]"
sf,moderate,39,greedy_ev_point,local/internal/lgbm_point,8943409.0,7158987.0,65333.0,"[11208.0, 552688.0, 3340791.0, 1488083.0, 8418.0, 33190.0, 3496458.0, 12573.0]"
sf,moderate,39,proportional,local/calendar/random_forest,11305387.0,5877379.0,56892.0,"[151290.0, 76758.0, 379844.0, 79959.0, 8418.0, 2101910.0, 8254056.0, 253152.0]"
sf,moderate,39,greedy_ev_point,local/calendar/random_forest,9126133.0,7307786.0,66315.0,"[11204.0, 543819.0, 3515059.0, 1436783.0, 8418.0, 29388.0, 3571214.0, 10248.0]"
sf,moderate,39,proportional,local/calendar/lgbm_point,11318083.0,5882700.0,56911.0,"[147752.0, 76210.0, 380692.0, 78923.0, 8418.0, 2115372.0, 8253610.0, 257106.0]"
sf,moderate,39,greedy_ev_point,local/calendar/lgbm_point,8644565.0,6928108.0,64051.0,"[11636.0, 553509.0, 3317393.0, 1347733.0, 8418.0, 31728.0, 3361614.0, 12534.0]"
sf,moderate,39,proportional,local/calendar_weather/ridge,11362639.0,5907112.0,57010.0,"[148340.0, 75843.0, 382583.0, 79113.0, 663.0, 2114740.0, 8304158.0, 257199.0]"
sf,moderate,39,greedy_ev_point,local/calendar_weather/ridge,9313421.0,7353095.0,67695.0,"[10628.0, 542232.0, 3495309.0, 1359133.0, 663.0, 26062.0, 3868342.0, 11052.0]"
sf,moderate,39,proportional,local/calendar_weather/random_forest,11306993.0,5878925.0,56895.0,"[150494.0, 77025.0, 379956.0, 79290.0, 8418.0, 2109930.0, 8254056.0, 247824.0]"
sf,moderate,39,greedy_ev_point,local/calendar_weather/random_forest,9094634.0,7310792.0,65807.0,"[11650.0, 531712.0, 3564809.0, 1436883.0, 8418.0, 28496.0, 3501722.0, 10944.0]"
sf,moderate,39,proportional,local/calendar_weather/lgbm_point,11298355.0,5874722.0,56875.0,"[148970.0, 76803.0, 381454.0, 78077.0, 8418.0, 2109642.0, 8247674.0, 247317.0]"
sf,moderate,39,greedy_ev_point,local/calendar_weather/lgbm_point,8605672.0,6871203.0,63699.0,"[11526.0, 544154.0, 3313693.0, 1285483.0, 8418.0, 29428.0, 3401600.0, 11370.0]"
sf,moderate,39,proportional,global/calendar_weather/lgbm_point,11288704.0,5870195.0,56855.0,"[151630.0, 77444.0, 381409.0, 80486.0, 8418.0, 2102426.0, 8232350.0, 254541.0]"
sf,moderate,39,greedy_ev_point,global/calendar_weather/lgbm_point,8389886.0,6681630.0,62968.0,"[11620.0, 522622.0, 3338105.0, 1119383.0, 8418.0, 28124.0, 3349824.0, 11790.0]"
sf,generous,47,uniform,uniform,91528684.0,45764219.0,350085.0,"[0.0, 0.0, 0.0, 0.0, 0.0, 8253058.0, 83274888.0, 738.0]"
sf,generous,47,oracle,oracle,190201.0,175969.0,538.0,"[4474.0, 7209.0, 84667.0, 70561.0, 24.0, 3820.0, 17370.0, 2076.0]"
sf,generous,47,greedy_ev_quantile,local/calendar_weather/lgbm_quantile,335256.0,299708.0,3049.0,"[4496.0, 10341.0, 135608.0, 119120.0, 66.0, 23558.0, 39406.0, 2661.0]"
sf,generous,47,proportional,local/internal/naive_trailing7,338028.0,175328.0,414.0,"[6834.0, 3099.0, 12307.0, 3180.0, 8418.0, 67356.0, 227378.0, 9456.0]"
sf,generous,47,greedy_ev_point,local/internal/naive_trailing7,1110877.0,1056461.0,8966.0,"[5432.0, 9924.0, 567161.0, 426864.0, 66.0, 29274.0, 66510.0, 5646.0]"
sf,generous,47,proportional,local/internal/seasonal_naive7,330029.0,172634.0,395.0,"[7164.0, 3800.0, 11788.0, 3986.0, 729.0, 67954.0, 222332.0, 12276.0]"
sf,generous,47,greedy_ev_point,local/internal/seasonal_naive7,585282.0,522382.0,4427.0,"[6500.0, 12841.0, 224965.0, 224170.0, 96.0, 26382.0, 82942.0, 7386.0]"
sf,generous,47,proportional,local/internal/ridge,321622.0,168075.0,353.0,"[6702.0, 3805.0, 11719.0, 2891.0, 729.0, 62586.0, 222258.0, 10932.0]"
sf,generous,47,greedy_ev_point,local/internal/ridge,494375.0,445792.0,4024.0,"[5422.0, 9035.0, 211410.0, 178681.0, 18.0, 20856.0, 63220.0, 5733.0]"
sf,generous,47,proportional,local/internal/random_forest,351791.0,182058.0,419.0,"[6730.0, 3781.0, 11903.0, 2495.0, 8418.0, 71242.0, 238078.0, 9144.0]"
sf,generous,47,greedy_ev_point,local/internal/random_forest,501625.0,457422.0,4543.0,"[5514.0, 9318.0, 195766.0, 209751.0, 21.0, 22424.0, 54004.0, 4827.0]"
sf,generous,47,proportional,local/internal/lgbm_point,317599.0,166273.0,321.0,"[6878.0, 4045.0, 11542.0, 3349.0, 399.0, 65472.0, 214346.0, 11568.0]"
sf,generous,47,greedy_ev_point,local/internal/lgbm_point,512408.0,466073.0,4477.0,"[5092.0, 9366.0, 199110.0, 213057.0, 21.0, 25036.0, 55362.0, 5364.0]"
sf,generous,47,proportional,local/calendar/random_forest,350324.0,180626.0,451.0,"[6774.0, 3308.0, 11067.0, 2398.0, 8418.0, 70398.0, 238844.0, 9117.0]"
sf,generous,47,greedy_ev_point,local/calendar/random_forest,432877.0,391123.0,3952.0,"[4606.0, 8607.0, 160401.0, 181825.0, 36.0, 20868.0, 52178.0, 4356.0]"
sf,generous,47,proportional,local/calendar/lgbm_point,345593.0,178693.0,601.0,"[6370.0, 3560.0, 11776.0, 2676.0, 8418.0, 71306.0, 231248.0, 10239.0]"
sf,generous,47,greedy_ev_point,local/calendar/lgbm_point,384714.0,339359.0,3783.0,"[5192.0, 8951.0, 148826.0, 137903.0, 39.0, 24490.0, 54324.0, 4989.0]"
sf,generous,47,proportional,local/calendar_weather/ridge,371290.0,193236.0,688.0,"[6074.0, 3481.0, 12467.0, 3434.0, 729.0, 70584.0, 262650.0, 11871.0]"
sf,generous,47,greedy_ev_point,local/calendar_weather/ridge,551593.0,502982.0,4590.0,"[4406.0, 10836.0, 232987.0, 212498.0, 30.0, 19622.0, 65394.0, 5820.0]"
sf,generous,47,proportional,local/calendar_weather/random_forest,339688.0,174966.0,456.0,"[6260.0, 3550.0, 10530.0, 2295.0, 8418.0, 67962.0, 230698.0, 9975.0]"
sf,generous,47,greedy_ev_point,local/calendar_weather/random_forest,417872.0,377832.0,3637.0,"[4454.0, 8527.0, 171558.0, 158992.0, 36.0, 21306.0, 49180.0, 3819.0]"
sf,generous,47,proportional,local/calendar_weather/lgbm_point,323130.0,168455.0,528.0,"[7076.0, 3695.0, 11031.0, 2871.0, 729.0, 65608.0, 221398.0, 10722.0]"
sf,generous,47,greedy_ev_point,local/calendar_weather/lgbm_point,362220.0,320327.0,3310.0,"[4894.0, 8805.0, 148530.0, 122734.0, 39.0, 21450.0, 50902.0, 4866.0]"
sf,generous,47,proportional,global/calendar_weather/lgbm_point,317578.0,166312.0,390.0,"[6538.0, 3998.0, 11409.0, 3247.0, 729.0, 64804.0, 216758.0, 10095.0]"
sf,generous,47,greedy_ev_point,global/calendar_weather/lgbm_point,342031.0,299017.0,3718.0,"[5392.0, 8512.0, 140441.0, 108710.0, 36.0, 20256.0, 53740.0, 4944.0]"
