city,feature_set,model,fold,mae,n_rows
austin,internal,naive_trailing7,0,17.172115384615385,2080
austin,internal,seasonal_naive7,0,17.61394230769231,2080
austin,internal,ridge,0,13.761456948171194,2080
austin,internal,random_forest,0,14.546040448015031,2080
austin,internal,lgbm_point,0,14.867888719358714,2080
austin,internal,naive_trailing7,1,14.210576923076923,2080
austin,internal,seasonal_naive7,1,13.230288461538462,2080
austin,internal,ridge,1,11.088068622039629,2080
austin,internal,random_forest,1,10.430938369963458,2080
austin,internal,lgbm_point,1,10.51489624194106,2080
austin,internal,naive_trailing7,2,21.612225274725276,2080
austin,internal,seasonal_naive7,2,14.939903846153847,2080
austin,internal,ridge,2,13.364495924688162,2080
austin,internal,random_forest,2,13.777531406627709,2080
austin,internal,lgbm_point,2,13.726356683260915,2080
austin,internal,naive_trailing7,3,43.53166208791208,2080
austin,internal,seasonal_naive7,3,42.76586538461538,2080
austin,internal,ridge,3,32.41952145994584,2080
austin,internal,random_forest,3,37.564187858408296,2080
austin,internal,lgbm_point,3,37.97171614347329,2080
austin,internal,naive_trailing7,4,30.232074175824177,2080
austin,internal,seasonal_naive7,4,20.733653846153846,2080
austin,internal,ridge,4,24.7369712921256,2080
austin,internal,random_forest,4,16.700333541141656,2080
austin,internal,lgbm_point,4,16.70614905734489,2080
austin,calendar,naive_trailing7,0,17.172115384615385,2080
austin,calendar,seasonal_naive7,0,17.61394230769231,2080
austin,calendar,ridge,0,13.753015430827483,2080
austin,calendar,random_forest,0,15.137546599449122,2080
austin,calendar,lgbm_point,0,14.431098768009651,2080
austin,calendar,naive_trailing7,1,14.210576923076923,2080
austin,calendar,seasonal_naive7,1,13.230288461538462,2080
austin,calendar,ridge,1,11.56032727849107,2080
austin,calendar,random_forest,1,9.931791509620693,2080
austin,calendar,lgbm_point,1,9.666557035166502,2080
austin,calendar,naive_trailing7,2,21.612225274725276,2080
austin,calendar,seasonal_naive7,2,14.939903846153847,2080
austin,calendar,ridge,2,13.628946381481308,2080
austin,calendar,random_forest,2,13.260423450026785,2080
austin,calendar,lgbm_point,2,12.505197849578769,2080
austin,calendar,naive_trailing7,3,43.53166208791208,2080
austin,calendar,seasonal_naive7,3,42.76586538461538,2080
austin,calendar,ridge,3,31.905959985243037,2080
austin,calendar,random_forest,3,37.76745213738397,2080
austin,calendar,lgbm_point,3,37.38100562641998,2080
austin,calendar,naive_trailing7,4,30.232074175824177,2080
austin,calendar,seasonal_naive7,4,20.733653846153846,2080
austin,calendar,ridge,4,25.348729422975413,2080
austin,calendar,random_forest,4,16.008182568727733,2080
austin,calendar,lgbm_point,4,15.471841723252073,2080
austin,calendar_weather,naive_trailing7,0,17.172115384615385,2080
austin,calendar_weather,seasonal_naive7,0,17.61394230769231,2080
austin,calendar_weather,ridge,0,13.839171804469673,2080
austin,calendar_weather,random_forest,0,15.025174843256467,2080
austin,calendar_weather,lgbm_point,0,14.145999942642199,2080
austin,calendar_weather,naive_trailing7,1,14.210576923076923,2080
austin,calendar_weather,seasonal_naive7,1,13.230288461538462,2080
austin,calendar_weather,ridge,1,11.527179787512338,2080
austin,calendar_weather,random_forest,1,9.932477442424599,2080
austin,calendar_weather,lgbm_point,1,9.468774743539688,2080
austin,calendar_weather,naive_trailing7,2,21.612225274725276,2080
austin,calendar_weather,seasonal_naive7,2,14.939903846153847,2080
austin,calendar_weather,ridge,2,13.661202886171402,2080
austin,calendar_weather,random_forest,2,13.02486060989433,2080
austin,calendar_weather,lgbm_point,2,12.712918341132326,2080
austin,calendar_weather,naive_trailing7,3,43.53166208791208,2080
austin,calendar_weather,seasonal_naive7,3,42.76586538461538,2080
austin,calendar_weather,ridge,3,31.864566107716136,2080
austin,calendar_weather,random_forest,3,37.99412795554082,2080
austin,calendar_weather,lgbm_point,3,37.09364470429443,2080
austin,calendar_weather,naive_trailing7,4,30.232074175824177,2080
austin,calendar_weather,seasonal_naive7,4,20.733653846153846,2080
austin,calendar_weather,ridge,4,25.26078120337227,2080
austin,calendar_weather,random_forest,4,16.05869511218203,2080
austin,calendar_weather,lgbm_point,4,15.536744930877099,2080
chicago,internal,naive_trailing7,0,102.52816956898589,1813
chicago,internal,seasonal_naive7,0,80.75510204081633,1813
chicago,internal,ridge,0,71.2395457597728,1813
chicago,internal,random_forest,0,66.20593897113362,1813
chicago,internal,lgbm_point,0,63.66080498009533,1813
chicago,internal,naive_trailing7,1,103.65471594043022,1813
chicago,internal,seasonal_naive7,1,82.39437396580254,1813
chicago,internal,ridge,1,66.8774035761004,1813
chicago,internal,random_forest,1,62.29536631545478,1813
chicago,internal,lgbm_point,1,58.7907781263047,1813
chicago,internal,naive_trailing7,2,93.82318178236547,1813
chicago,internal,seasonal_naive7,2,68.82294539437396,1813
chicago,internal,ridge,2,60.1035509645965,1813
chicago,internal,random_forest,2,53.02733492619835,1813
chicago,internal,lgbm_point,2,55.34378608619069,1813
chicago,internal,naive_trailing7,3,98.81806004254983,1813
chicago,internal,seasonal_naive7,3,71.49531163816879,1813
chicago,internal,ridge,3,60.020955912471926,1813
chicago,internal,random_forest,3,54.502136663725736,1813
chicago,internal,lgbm_point,3,54.28950986353026,1813
chicago,internal,naive_trailing7,4,104.43093530848633,1813
chicago,internal,seasonal_naive7,4,70.68836183121897,1813
chicago,internal,ridge,4,64.30559326990142,1813
chicago,internal,random_forest,4,54.89849375696547,1813
chicago,internal,lgbm_point,4,54.97838635334382,1813
chicago,calendar,naive_trailing7,0,102.52816956898589,1813
chicago,calendar,seasonal_naive7,0,80.75510204081633,1813
chicago,calendar,ridge,0,77.47904247616376,1813
chicago,calendar,random_forest,0,62.46752559585854,1813
chicago,calendar,lgbm_point,0,58.57112119317387,1813
chicago,calendar,naive_trailing7,1,103.65471594043022,1813
chicago,calendar,seasonal_naive7,1,82.39437396580254,1813
chicago,calendar,ridge,1,68.9430312090504,1813
chicago,calendar,random_forest,1,57.331982274229915,1813
chicago,calendar,lgbm_point,1,51.81041953320786,1813
chicago,calendar,naive_trailing7,2,93.82318178236547,1813
chicago,calendar,seasonal_naive7,2,68.82294539437396,1813
chicago,calendar,ridge,2,61.0612409045508,1813
chicago,calendar,random_forest,2,49.19884069469327,1813
chicago,calendar,lgbm_point,2,44.42026802350632,1813
chicago,calendar,naive_trailing7,3,98.81806004254983,1813
chicago,calendar,seasonal_naive7,3,71.49531163816879,1813
chicago,calendar,ridge,3,60.929299820914224,1813
chicago,calendar,random_forest,3,49.833791545688186,1813
chicago,calendar,lgbm_point,3,47.41156434550267,1813
chicago,calendar,naive_trailing7,4,104.43093530848633,1813
chicago,calendar,seasonal_naive7,4,70.68836183121897,1813
chicago,calendar,ridge,4,63.529125212527376,1813
chicago,calendar,random_forest,4,49.680360053032416,1813
chicago,calendar,lgbm_point,4,48.87325968706885,1813
chicago,calendar_weather,naive_trailing7,0,102.52816956898589,1813
chicago,calendar_weather,seasonal_naive7,0,80.75510204081633,1813
chicago,calendar_weather,ridge,0,93.04209128847506,1813
chicago,calendar_weather,random_forest,0,60.209594282441,1813
chicago,calendar_weather,lgbm_point,0,58.62248847837341,1813
chicago,calendar_weather,naive_trailing7,1,103.65471594043022,1813
chicago,calendar_weather,seasonal_naive7,1,82.39437396580254,1813
chicago,calendar_weather,ridge,1,69.69048056380802,1813
chicago,calendar_weather,random_forest,1,57.47722938589051,1813
chicago,calendar_weather,lgbm_point,1,51.27102606708767,1813
chicago,calendar_weather,naive_trailing7,2,93.82318178236547,1813
chicago,calendar_weather,seasonal_naive7,2,68.82294539437396,1813
chicago,calendar_weather,ridge,2,59.778428200979235,1813
chicago,calendar_weather,random_forest,2,48.043468239962394,1813
chicago,calendar_weather,lgbm_point,2,42.69565852326068,1813
chicago,calendar_weather,naive_trailing7,3,98.81806004254983,1813
chicago,calendar_weather,seasonal_naive7,3,71.49531163816879,1813
chicago,calendar_weather,ridge,3,61.28197626019858,1813
chicago,calendar_weather,random_forest,3,48.127653707905615,1813
chicago,calendar_weather,lgbm_point,3,45.36964211503776,1813
chicago,calendar_weather,naive_trailing7,4,104.43093530848633,1813
chicago,calendar_weather,seasonal_naive7,4,70.68836183121897,1813
chicago,calendar_weather,ridge,4,63.83426539777819,1813
chicago,calendar_weather,random_forest,4,49.021607164841924,1813
chicago,calendar_weather,lgbm_point,4,47.04868729401824,1813
nyc,internal,naive_trailing7,0,231.40478488692776,2072
nyc,internal,seasonal_naive7,0,223.92519305019306,2072
nyc,internal,ridge,0,176.8221914495301,2072
nyc,internal,random_forest,0,178.82107104196155,2072
nyc,internal,lgbm_point,0,184.6369276070859,2072
nyc,internal,naive_trailing7,1,283.43036403750693,2072
nyc,internal,seasonal_naive7,1,255.2273166023166,2072
nyc,internal,ridge,1,197.07976689923663,2072
nyc,internal,random_forest,1,198.773856705392,2072
nyc,internal,lgbm_point,1,191.13856119067952,2072
nyc,internal,naive_trailing7,2,275.37741312741315,2072
nyc,internal,seasonal_naive7,2,235.31756756756758,2072
nyc,internal,ridge,2,182.54069243649485,2072
nyc,internal,random_forest,2,177.5997824432513,2072
nyc,internal,lgbm_point,2,172.5969838825538,2072
nyc,internal,naive_trailing7,3,225.02433811362383,2072
nyc,internal,seasonal_naive7,3,191.44353281853282,2072
nyc,internal,ridge,3,154.91930332561347,2072
nyc,internal,random_forest,3,144.4084775965842,2072
nyc,internal,lgbm_point,3,142.33233222131497,2072
nyc,internal,naive_trailing7,4,246.33914782129068,2072
nyc,internal,seasonal_naive7,4,232.48793436293437,2072
nyc,internal,ridge,4,173.96270388070315,2072
nyc,internal,random_forest,4,171.2848173563778,2072
nyc,internal,lgbm_point,4,167.77726243040135,2072
nyc,calendar,naive_trailing7,0,231.40478488692776,2072
nyc,calendar,seasonal_naive7,0,223.92519305019306,2072
nyc,calendar,ridge,0,182.43027318235772,2072
nyc,calendar,random_forest,0,174.2206446598059,2072
nyc,calendar,lgbm_point,0,174.48594221948468,2072
nyc,calendar,naive_trailing7,1,283.43036403750693,2072
nyc,calendar,seasonal_naive7,1,255.2273166023166,2072
nyc,calendar,ridge,1,195.88841939300937,2072
nyc,calendar,random_forest,1,190.15097451992978,2072
nyc,calendar,lgbm_point,1,179.13750133458,2072
nyc,calendar,naive_trailing7,2,275.37741312741315,2072
nyc,calendar,seasonal_naive7,2,235.31756756756758,2072
nyc,calendar,ridge,2,183.38101431497776,2072
nyc,calendar,random_forest,2,164.5806278569907,2072
nyc,calendar,lgbm_point,2,153.37192761211904,2072
nyc,calendar,naive_trailing7,3,225.02433811362383,2072
nyc,calendar,seasonal_naive7,3,191.44353281853282,2072
nyc,calendar,ridge,3,154.79148774618164,2072
nyc,calendar,random_forest,3,136.30496896141878,2072
nyc,calendar,lgbm_point,3,126.40377642196817,2072
nyc,calendar,naive_trailing7,4,246.33914782129068,2072
nyc,calendar,seasonal_naive7,4,232.48793436293437,2072
nyc,calendar,ridge,4,172.19089039531198,2072
nyc,calendar,random_forest,4,163.61536029465995,2072
nyc,calendar,lgbm_point,4,144.88135695101388,2072
nyc,calendar_weather,naive_trailing7,0,231.40478488692776,2072
nyc,calendar_weather,seasonal_naive7,0,223.92519305019306,2072
nyc,calendar_weather,ridge,0,182.07268920703225,2072
nyc,calendar_weather,random_forest,0,171.95629864012662,2072
nyc,calendar_weather,lgbm_point,0,158.34691224514575,2072
nyc,calendar_weather,naive_trailing7,1,283.43036403750693,2072
nyc,calendar_weather,seasonal_naive7,1,255.2273166023166,2072
nyc,calendar_weather,ridge,1,198.20936273903507,2072
nyc,calendar_weather,random_forest,1,187.88830583092374,2072
nyc,calendar_weather,lgbm_point,1,168.42780864948622,2072
nyc,calendar_weather,naive_trailing7,2,275.37741312741315,2072
nyc,calendar_weather,seasonal_naive7,2,235.31756756756758,2072
nyc,calendar_weather,ridge,2,183.87262443527868,2072
nyc,calendar_weather,random_forest,2,162.27807326201426,2072
nyc,calendar_weather,lgbm_point,2,150.1760739612936,2072
nyc,calendar_weather,naive_trailing7,3,225.02433811362383,2072
nyc,calendar_weather,seasonal_naive7,3,191.44353281853282,2072
nyc,calendar_weather,ridge,3,154.49131643100534,2072
nyc,calendar_weather,random_forest,3,134.91959756452826,2072
nyc,calendar_weather,lgbm_point,3,120.61009331380752,2072
nyc,calendar_weather,naive_trailing7,4,246.33914782129068,2072
nyc,calendar_weather,seasonal_naive7,4,232.48793436293437,2072
nyc,calendar_weather,ridge,4,172.17095836777523,2072
nyc,calendar_weather,random_forest,4,158.91065788281313,2072
nyc,calendar_weather,lgbm_point,4,133.2340440833782,2072
sf,internal,naive_trailing7,0,33.41459025470654,2064
sf,internal,seasonal_naive7,0,36.69912790697674,2064
sf,internal,ridge,0,30.488258788687247,2064
sf,internal,random_forest,0,29.854890068548443,2064
sf,internal,lgbm_point,0,31.812512061928214,2064
sf,internal,naive_trailing7,1,38.25200719822813,2064
sf,internal,seasonal_naive7,1,42.236434108527135,2064
sf,internal,ridge,1,32.65104653290995,2064
sf,internal,random_forest,1,33.11437048491724,2064
sf,internal,lgbm_point,1,32.95867292868751,2064
sf,internal,naive_trailing7,2,37.92760243632336,2064
sf,internal,seasonal_naive7,2,34.80862403100775,2064
sf,internal,ridge,2,28.51091077917104,2064
sf,internal,random_forest,2,28.425450656792925,2064
sf,internal,lgbm_point,2,28.956241074147293,2064
sf,internal,naive_trailing7,3,44.671857696567,2064
sf,internal,seasonal_naive7,3,45.36918604651163,2064
sf,internal,ridge,3,36.48494399675947,2064
sf,internal,random_forest,3,42.08716715552404,2064
sf,internal,lgbm_point,3,43.267253059830786,2064
sf,internal,naive_trailing7,4,42.605135658914726,2064
sf,internal,seasonal_naive7,4,38.34738372093023,2064
sf,internal,ridge,4,31.793136698262273,2064
sf,internal,random_forest,4,32.70709822998301,2064
sf,internal,lgbm_point,4,33.40695673740943,2064
sf,calendar,naive_trailing7,0,33.41459025470654,2064
sf,calendar,seasonal_naive7,0,36.69912790697674,2064
sf,calendar,ridge,0,33.593510139083975,2064
sf,calendar,random_forest,0,29.20998744754438,2064
sf,calendar,lgbm_point,0,29.964323497081594,2064
sf,calendar,naive_trailing7,1,38.25200719822813,2064
sf,calendar,seasonal_naive7,1,42.236434108527135,2064
sf,calendar,ridge,1,33.80189551869739,2064
sf,calendar,random_forest,1,31.510599126029724,2064
sf,calendar,lgbm_point,1,30.60216311236343,2064
sf,calendar,naive_trailing7,2,37.92760243632336,2064
sf,calendar,seasonal_naive7,2,34.80862403100775,2064
sf,calendar,ridge,2,29.78948940235609,2064
sf,calendar,random_forest,2,26.57330836636155,2064
sf,calendar,lgbm_point,2,26.425847098773747,2064
sf,calendar,naive_trailing7,3,44.671857696567,2064
sf,calendar,seasonal_naive7,3,45.36918604651163,2064
sf,calendar,ridge,3,37.77107687813584,2064
sf,calendar,random_forest,3,41.64814496523514,2064
sf,calendar,lgbm_point,3,42.37448764170274,2064
sf,calendar,naive_trailing7,4,42.605135658914726,2064
sf,calendar,seasonal_naive7,4,38.34738372093023,2064
sf,calendar,ridge,4,32.92381628760991,2064
sf,calendar,random_forest,4,31.572054347275298,2064
sf,calendar,lgbm_point,4,30.526192407195392,2064
sf,calendar_weather,naive_trailing7,0,33.41459025470654,2064
sf,calendar_weather,seasonal_naive7,0,36.69912790697674,2064
sf,calendar_weather,ridge,0,33.809932036149874,2064
sf,calendar_weather,random_forest,0,29.115391034949532,2064
sf,calendar_weather,lgbm_point,0,29.362030886323716,2064
sf,calendar_weather,naive_trailing7,1,38.25200719822813,2064
sf,calendar_weather,seasonal_naive7,1,42.236434108527135,2064
sf,calendar_weather,ridge,1,33.77201348593318,2064
sf,calendar_weather,random_forest,1,31.246050401757646,2064
sf,calendar_weather,lgbm_point,1,30.33205094116206,2064
sf,calendar_weather,naive_trailing7,2,37.92760243632336,2064
sf,calendar_weather,seasonal_naive7,2,34.80862403100775,2064
sf,calendar_weather,ridge,2,29.875863086345458,2064
sf,calendar_weather,random_forest,2,26.312607780876476,2064
sf,calendar_weather,lgbm_point,2,26.38431079282353,2064
sf,calendar_weather,naive_trailing7,3,44.671857696567,2064
sf,calendar_weather,seasonal_naive7,3,45.36918604651163,2064
sf,calendar_weather,ridge,3,37.68595801988763,2064
sf,calendar_weather,random_forest,3,41.92528573529819,2064
sf,calendar_weather,lgbm_point,3,43.85370535759251,2064
sf,calendar_weather,naive_trailing7,4,42.605135658914726,2064
sf,calendar_weather,seasonal_naive7,4,38.34738372093023,2064
sf,calendar_weather,ridge,4,33.06044617170233,2064
sf,calendar_weather,random_forest,4,31.2478600818159,2064
sf,calendar_weather,lgbm_point,4,29.191147801008498,2064
