mae,rmse,mape_floored,n_rows,n_days,scope,city,feature_set,model,split,fit_seconds,source_censor_date
30.280649350649348,49.978467719824316,52.458263892808624,2200,275,local,austin,internal,naive_trailing7,val,0.01,
30.371376811594203,50.156071302136,48.159494852497794,2208,276,local,austin,internal,naive_trailing7,test,0.02,
20.517272727272726,39.2618019315096,40.014678512769706,2200,275,local,austin,internal,seasonal_naive7,val,0.0,
21.61322463768116,42.77520656994481,38.985340929136555,2208,276,local,austin,internal,seasonal_naive7,test,0.01,
24.57829322077456,43.6517671953275,44.59598885541907,2200,275,local,austin,internal,ridge,val,0.04,
24.976321727076268,44.895732927816425,40.556971815328566,2208,276,local,austin,internal,ridge,test,0.04,
16.493862902825924,30.750321807623106,36.576663489423346,2200,275,local,austin,internal,random_forest,val,4.48,
16.528608648164422,31.697731804510706,32.69125303227569,2208,276,local,austin,internal,random_forest,test,4.48,
16.500796944418266,31.304364145237464,33.140248956425275,2200,275,local,austin,internal,lgbm_point,val,1.81,
16.719168250786243,32.77662036175324,31.20749717820439,2208,276,local,austin,internal,lgbm_point,test,1.82,
105.76860853432281,188.8002548772577,85.34467540320014,1925,275,local,chicago,internal,naive_trailing7,val,0.0,
111.46058858325938,201.99423320382726,84.0762069834104,1932,276,local,chicago,internal,naive_trailing7,test,0.0,
70.68987012987013,188.11561242056342,55.50517528265202,1925,275,local,chicago,internal,seasonal_naive7,val,0.0,
84.23757763975155,198.97115415641383,49.110728372275986,1932,276,local,chicago,internal,seasonal_naive7,test,0.0,
64.33720623721874,150.03162317349972,54.539286781320975,1925,275,local,chicago,internal,ridge,val,0.01,
71.80940857482071,151.93444047011442,50.74802792821356,1932,276,local,chicago,internal,ridge,test,0.02,
54.80283916397855,134.0779273484816,51.73518760594066,1925,275,local,chicago,internal,random_forest,val,4.65,
60.37425767520889,136.3074473213187,45.116427264241345,1932,276,local,chicago,internal,random_forest,test,4.65,
55.1004730702715,135.1401344784289,40.271776481406064,1925,275,local,chicago,internal,lgbm_point,val,1.62,
59.23550411987784,138.76839061725667,37.55567193877476,1932,276,local,chicago,internal,lgbm_point,test,1.63,
245.53357142857143,461.6407075490844,27.237728728147943,2200,275,local,nyc,internal,naive_trailing7,val,0.0,
305.6182712215321,571.3918531972411,27.37934710999777,2208,276,local,nyc,internal,naive_trailing7,test,0.01,
226.67181818181817,494.43669417373803,26.362787181501464,2200,275,local,nyc,internal,seasonal_naive7,val,0.0,
282.4388586956522,644.0911805190813,25.246462590260744,2208,276,local,nyc,internal,seasonal_naive7,test,0.0,
172.1592225983904,368.80639895349185,20.457967612936546,2200,275,local,nyc,internal,ridge,val,0.02,
215.15430181750915,427.7000271860838,20.377160471683187,2208,276,local,nyc,internal,ridge,test,0.02,
170.738863740284,367.63939510029843,19.483964049370137,2200,275,local,nyc,internal,random_forest,val,5.17,
209.28085225769593,445.3443420239593,18.886129162387014,2208,276,local,nyc,internal,random_forest,test,5.17,
165.7005926366115,366.42630683792333,17.987921855033797,2200,275,local,nyc,internal,lgbm_point,val,1.57,
207.02225946993488,454.16456162098814,17.53598792319083,2208,276,local,nyc,internal,lgbm_point,test,1.58,
42.45555265901981,92.11746887749817,34.97082200834225,2192,274,local,sf,internal,naive_trailing7,val,0.0,
44.76902597402597,97.8083661259611,75.40324061281484,2200,275,local,sf,internal,naive_trailing7,test,0.0,
37.60492700729927,87.9001590226342,34.06746419808784,2192,274,local,sf,internal,seasonal_naive7,val,0.0,
43.78636363636364,108.41276342168976,91.2024374709818,2200,275,local,sf,internal,seasonal_naive7,test,0.0,
31.435369707359023,73.62409004375178,30.355708530299875,2192,274,local,sf,internal,ridge,val,0.01,
35.18345948080877,85.67929351754634,73.86235493677307,2200,275,local,sf,internal,ridge,test,0.02,
32.42785832597307,75.26531773604252,30.173206580032048,2192,274,local,sf,internal,random_forest,val,4.21,
34.51505316415111,85.71427078146932,68.25045749523218,2200,275,local,sf,internal,random_forest,test,4.22,
33.01464336882172,77.63593289221866,26.410153677794927,2192,274,local,sf,internal,lgbm_point,val,1.68,
35.0460107902037,86.47727231233192,64.21436380196,2200,275,local,sf,internal,lgbm_point,test,1.68,
30.280649350649348,49.978467719824316,52.458263892808624,2200,275,local,austin,calendar,naive_trailing7,val,0.0,
30.371376811594203,50.156071302136,48.159494852497794,2208,276,local,austin,calendar,naive_trailing7,test,0.01,
20.517272727272726,39.2618019315096,40.014678512769706,2200,275,local,austin,calendar,seasonal_naive7,val,0.0,
21.61322463768116,42.77520656994481,38.985340929136555,2208,276,local,austin,calendar,seasonal_naive7,test,0.01,
25.22567384429808,42.58309550016823,50.95633516992367,2200,275,local,austin,calendar,ridge,val,0.02,
25.677413996891723,43.80879363604347,46.264275396335734,2208,276,local,austin,calendar,ridge,test,0.02,
15.878603870627657,28.916289202978305,35.2234640989705,2200,275,local,austin,calendar,random_forest,val,5.85,
15.505621274668117,29.383388197577865,30.64737549321226,2208,276,local,austin,calendar,random_forest,test,5.86,
15.389006906764156,28.09300981558954,30.76307472738416,2200,275,local,austin,calendar,lgbm_point,val,1.97,
14.843233048499407,29.28878188782237,27.55295160997634,2208,276,local,austin,calendar,lgbm_point,test,1.97,
105.76860853432281,188.8002548772577,85.34467540320014,1925,275,local,chicago,calendar,naive_trailing7,val,0.0,
111.46058858325938,201.99423320382726,84.0762069834104,1932,276,local,chicago,calendar,naive_trailing7,test,0.01,
70.68987012987013,188.11561242056342,55.50517528265202,1925,275,local,chicago,calendar,seasonal_naive7,val,0.0,
84.23757763975155,198.97115415641383,49.110728372275986,1932,276,local,chicago,calendar,seasonal_naive7,test,0.01,
63.35268958348072,144.33372488457977,48.22255176458772,1925,275,local,chicago,calendar,ridge,val,0.02,
70.50993819207744,144.23587342806005,46.10380675863439,1932,276,local,chicago,calendar,ridge,test,0.02,
49.265573352142965,125.5695088597844,45.227375360983196,1925,275,local,chicago,calendar,random_forest,val,5.98,
54.41829373481655,125.36253524717198,39.2708629019846,1932,276,local,chicago,calendar,random_forest,test,5.99,
48.52709405755261,127.36093148040382,31.127886275653804,1925,275,local,chicago,calendar,lgbm_point,val,2.55,
50.94453068141395,123.55990792380304,27.357853056352415,1932,276,local,chicago,calendar,lgbm_point,test,2.55,
245.53357142857143,461.6407075490844,27.237728728147943,2200,275,local,nyc,calendar,naive_trailing7,val,0.0,
305.6182712215321,571.3918531972411,27.37934710999777,2208,276,local,nyc,calendar,naive_trailing7,test,0.01,
226.67181818181817,494.43669417373803,26.362787181501464,2200,275,local,nyc,calendar,seasonal_naive7,val,0.0,
282.4388586956522,644.0911805190813,25.246462590260744,2208,276,local,nyc,calendar,seasonal_naive7,test,0.01,
170.77752231258253,367.1728887661388,19.49895871187475,2200,275,local,nyc,calendar,ridge,val,0.02,
213.4855865389279,426.904753642776,19.54256502601398,2208,276,local,nyc,calendar,ridge,test,0.02,
160.8568901415009,359.0924083044801,17.68316376770497,2200,275,local,nyc,calendar,random_forest,val,6.61,
195.08828542194627,425.1704754197211,17.138137150705894,2208,276,local,nyc,calendar,random_forest,test,6.61,
146.49653437091345,343.1155350733798,14.854972297017923,2200,275,local,nyc,calendar,lgbm_point,val,2.45,
182.3783847969158,419.20367980902313,14.90756747869941,2208,276,local,nyc,calendar,lgbm_point,test,2.46,
42.45555265901981,92.11746887749817,34.97082200834225,2192,274,local,sf,calendar,naive_trailing7,val,0.0,
44.76902597402597,97.8083661259611,75.40324061281484,2200,275,local,sf,calendar,naive_trailing7,test,0.01,
37.60492700729927,87.9001590226342,34.06746419808784,2192,274,local,sf,calendar,seasonal_naive7,val,0.0,
43.78636363636364,108.41276342168976,91.2024374709818,2200,275,local,sf,calendar,seasonal_naive7,test,0.0,
32.64177575486805,71.65725397266425,95.68957175689286,2192,274,local,sf,calendar,ridge,val,0.02,
36.56246785899608,83.24180388807932,152.97704865243742,2200,275,local,sf,calendar,ridge,test,0.02,
31.32523252591822,72.06100235655103,28.824193441169992,2192,274,local,sf,calendar,random_forest,val,6.04,
32.83966209825871,81.07447045891715,69.49475496236417,2200,275,local,sf,calendar,random_forest,test,6.04,
30.340779325188084,70.99768740085652,23.91867611811661,2192,274,local,sf,calendar,lgbm_point,val,2.85,
31.53173691664462,76.70449782505696,63.566081873453086,2200,275,local,sf,calendar,lgbm_point,test,2.85,
30.280649350649348,49.978467719824316,52.458263892808624,2200,275,local,austin,weather,naive_trailing7,val,0.0,
30.371376811594203,50.156071302136,48.159494852497794,2208,276,local,austin,weather,naive_trailing7,test,0.01,
20.517272727272726,39.2618019315096,40.014678512769706,2200,275,local,austin,weather,seasonal_naive7,val,0.0,
21.61322463768116,42.77520656994481,38.985340929136555,2208,276,local,austin,weather,seasonal_naive7,test,0.01,
24.411629661234283,43.40468184722096,43.32349845983293,2200,275,local,austin,weather,ridge,val,0.02,
24.954539187805263,44.877377627190846,39.675452693198295,2208,276,local,austin,weather,ridge,test,0.02,
16.569337252191048,30.563887339469225,36.89294191577848,2200,275,local,austin,weather,random_forest,val,7.21,
16.617347297829998,31.74850133558228,32.51347696133941,2208,276,local,austin,weather,random_forest,test,7.21,
16.46240891195655,31.345385474924733,32.725975169795504,2200,275,local,austin,weather,lgbm_point,val,2.85,
16.529684252475338,32.34906136407901,30.35334791791378,2208,276,local,austin,weather,lgbm_point,test,2.85,
105.76860853432281,188.8002548772577,85.34467540320014,1925,275,local,chicago,weather,naive_trailing7,val,0.0,
111.46058858325938,201.99423320382726,84.0762069834104,1932,276,local,chicago,weather,naive_trailing7,test,0.01,
70.68987012987013,188.11561242056342,55.50517528265202,1925,275,local,chicago,weather,seasonal_naive7,val,0.0,
84.23757763975155,198.97115415641383,49.110728372275986,1932,276,local,chicago,weather,seasonal_naive7,test,0.01,
64.44344195136706,149.79748695110416,50.505921305841696,1925,275,local,chicago,weather,ridge,val,0.02,
72.85102375278898,151.35097774889934,47.91926620890178,1932,276,local,chicago,weather,ridge,test,0.02,
53.130045784596035,133.57594661792498,45.84509027839303,1925,275,local,chicago,weather,random_forest,val,7.77,
59.2681636025609,134.40141112311,41.45144283434589,1932,276,local,chicago,weather,random_forest,test,7.77,
52.580394425759536,134.68324274194546,38.085341065648386,1925,275,local,chicago,weather,lgbm_point,val,3.13,
58.66494509106411,136.93144047652672,35.962087209289514,1932,276,local,chicago,weather,lgbm_point,test,3.14,
245.53357142857143,461.6407075490844,27.237728728147943,2200,275,local,nyc,weather,naive_trailing7,val,0.0,
305.6182712215321,571.3918531972411,27.37934710999777,2208,276,local,nyc,weather,naive_trailing7,test,0.01,
226.67181818181817,494.43669417373803,26.362787181501464,2200,275,local,nyc,weather,seasonal_naive7,val,0.0,
282.4388586956522,644.0911805190813,25.246462590260744,2208,276,local,nyc,weather,seasonal_naive7,test,0.01,
171.22356482830574,370.87177889815104,20.25590773319525,2200,275,local,nyc,weather,ridge,val,0.02,
214.6247984282119,427.632052348945,19.71213004669107,2208,276,local,nyc,weather,ridge,test,0.03,
164.5817759989182,357.1141802841919,18.7272573287157,2200,275,local,nyc,weather,random_forest,val,8.22,
200.15167865653206,424.5136007635835,18.143353660626822,2208,276,local,nyc,weather,random_forest,test,8.22,
153.9626889155107,342.8560270672229,16.992820332375402,2200,275,local,nyc,weather,lgbm_point,val,2.38,
186.72788307801972,414.4166655320094,16.272901287683734,2208,276,local,nyc,weather,lgbm_point,test,2.39,
42.45555265901981,92.11746887749817,34.97082200834225,2192,274,local,sf,weather,naive_trailing7,val,0.0,
44.76902597402597,97.8083661259611,75.40324061281484,2200,275,local,sf,weather,naive_trailing7,test,0.01,
37.60492700729927,87.9001590226342,34.06746419808784,2192,274,local,sf,weather,seasonal_naive7,val,0.0,
43.78636363636364,108.41276342168976,91.2024374709818,2200,275,local,sf,weather,seasonal_naive7,test,0.01,
31.85030984627955,73.3623670009941,54.329758924934765,2192,274,local,sf,weather,ridge,val,0.02,
35.866331321921514,85.2284713081516,104.77641671473033,2200,275,local,sf,weather,ridge,test,0.03,
32.409730037577226,74.6061540997728,31.08781992644095,2192,274,local,sf,weather,random_forest,val,6.9,
33.21513637241464,83.00464906565456,69.16310030347033,2200,275,local,sf,weather,random_forest,test,6.9,
32.24146357375394,74.65132135615943,26.580070919747012,2192,274,local,sf,weather,lgbm_point,val,2.87,
33.2253244864699,82.8946819953394,65.66187964448832,2200,275,local,sf,weather,lgbm_point,test,2.87,
30.280649350649348,49.978467719824316,52.458263892808624,2200,275,local,austin,calendar_weather,naive_trailing7,val,0.0,
30.371376811594203,50.156071302136,48.159494852497794,2208,276,local,austin,calendar_weather,naive_trailing7,test,0.01,
20.517272727272726,39.2618019315096,40.014678512769706,2200,275,local,austin,calendar_weather,seasonal_naive7,val,0.0,
21.61322463768116,42.77520656994481,38.985340929136555,2208,276,local,austin,calendar_weather,seasonal_naive7,test,0.01,
25.138936582575695,42.37751778620301,51.10376134389426,2200,275,local,austin,calendar_weather,ridge,val,0.02,
25.60902906107524,43.76514903673797,45.938343756143354,2208,276,local,austin,calendar_weather,ridge,test,0.03,
15.874166539007062,28.862280887257384,35.69341545900721,2200,275,local,austin,calendar_weather,random_forest,val,8.57,
15.467279440557638,29.41469708120544,30.722926516772514,2208,276,local,austin,calendar_weather,random_forest,test,8.58,
15.244530136923965,28.41420408897742,29.93435108720415,2200,275,local,austin,calendar_weather,lgbm_point,val,3.13,
14.844345127011985,29.19310108421892,27.46042031309178,2208,276,local,austin,calendar_weather,lgbm_point,test,3.13,
105.76860853432281,188.8002548772577,85.34467540320014,1925,275,local,chicago,calendar_weather,naive_trailing7,val,0.0,
111.46058858325938,201.99423320382726,84.0762069834104,1932,276,local,chicago,calendar_weather,naive_trailing7,test,0.01,
70.68987012987013,188.11561242056342,55.50517528265202,1925,275,local,chicago,calendar_weather,seasonal_naive7,val,0.0,
84.23757763975155,198.97115415641383,49.110728372275986,1932,276,local,chicago,calendar_weather,seasonal_naive7,test,0.01,
63.59666699971213,144.06312073780953,48.67401441962896,1925,275,local,chicago,calendar_weather,ridge,val,0.02,
70.80969503683919,143.66223369772104,43.84288331612334,1932,276,local,chicago,calendar_weather,ridge,test,0.03,
48.6069517028108,125.58245689057948,41.847758366526975,1925,275,local,chicago,calendar_weather,random_forest,val,8.52,
53.7406510225142,124.6754528890106,36.82801080485189,1932,276,local,chicago,calendar_weather,random_forest,test,8.53,
46.801866466778925,125.70384589162114,30.99058367704434,1925,275,local,chicago,calendar_weather,lgbm_point,val,2.41,
49.29528928315054,121.14710740138669,26.57689527319848,1932,276,local,chicago,calendar_weather,lgbm_point,test,2.42,
245.53357142857143,461.6407075490844,27.237728728147943,2200,275,local,nyc,calendar_weather,naive_trailing7,val,0.0,
305.6182712215321,571.3918531972411,27.37934710999777,2208,276,local,nyc,calendar_weather,naive_trailing7,test,0.01,
226.67181818181817,494.43669417373803,26.362787181501464,2200,275,local,nyc,calendar_weather,seasonal_naive7,val,0.0,
282.4388586956522,644.0911805190813,25.246462590260744,2208,276,local,nyc,calendar_weather,seasonal_naive7,test,0.01,
170.6124522206375,368.523061137976,20.06483742599286,2200,275,local,nyc,calendar_weather,ridge,val,0.02,
213.11324391632414,426.17076497914,19.757089171837148,2208,276,local,nyc,calendar_weather,ridge,test,0.03,
156.80265648861166,349.65806381215776,17.292886391517506,2200,275,local,nyc,calendar_weather,random_forest,val,9.2,
190.62942567360818,411.9228029360377,16.63636014583258,2208,276,local,nyc,calendar_weather,random_forest,test,9.21,
131.66011312412613,316.1448046767124,13.881697787800235,2200,275,local,nyc,calendar_weather,lgbm_point,val,2.48,
165.41681425948468,392.3307767198081,13.635562126990324,2208,276,local,nyc,calendar_weather,lgbm_point,test,2.48,
42.45555265901981,92.11746887749817,34.97082200834225,2192,274,local,sf,calendar_weather,naive_trailing7,val,0.0,
44.76902597402597,97.8083661259611,75.40324061281484,2200,275,local,sf,calendar_weather,naive_trailing7,test,0.01,
37.60492700729927,87.9001590226342,34.06746419808784,2192,274,local,sf,calendar_weather,seasonal_naive7,val,0.0,
43.78636363636364,108.41276342168976,91.2024374709818,2200,275,local,sf,calendar_weather,seasonal_naive7,test,0.01,
32.75676550893915,71.50070196063292,103.22073089676367,2192,274,local,sf,calendar_weather,ridge,val,0.02,
36.6906261943119,82.84310413826246,158.4798698746763,2200,275,local,sf,calendar_weather,ridge,test,0.02,
31.338701496752456,72.08886439437151,29.577887153789035,2192,274,local,sf,calendar_weather,random_forest,val,8.11,
31.561649648017575,78.64123524424028,68.25840594474649,2200,275,local,sf,calendar_weather,random_forest,test,8.11,
28.972959400038853,68.63745285116397,23.925631176255386,2192,274,local,sf,calendar_weather,lgbm_point,val,3.01,
30.061140668311936,73.15862531292821,65.228226513955,2200,275,local,sf,calendar_weather,lgbm_point,test,3.02,
30.280649350649348,49.978467719824316,52.458263892808624,2200,275,local,austin,calendar_weather_lagged_only,naive_trailing7,val,0.0,
30.371376811594203,50.156071302136,48.159494852497794,2208,276,local,austin,calendar_weather_lagged_only,naive_trailing7,test,0.01,
20.517272727272726,39.2618019315096,40.014678512769706,2200,275,local,austin,calendar_weather_lagged_only,seasonal_naive7,val,0.0,
21.61322463768116,42.77520656994481,38.985340929136555,2208,276,local,austin,calendar_weather_lagged_only,seasonal_naive7,test,0.01,
25.23124882394745,42.574113260537644,51.334894608196876,2200,275,local,austin,calendar_weather_lagged_only,ridge,val,0.02,
25.667901050004343,43.811392023903984,46.23691753903974,2208,276,local,austin,calendar_weather_lagged_only,ridge,test,0.03,
15.956771016301735,29.111339603861936,35.7566634865706,2200,275,local,austin,calendar_weather_lagged_only,random_forest,val,7.31,
15.494776107627978,29.335111832369037,30.704901933059197,2208,276,local,austin,calendar_weather_lagged_only,random_forest,test,7.31,
15.711178678692704,28.704801423731496,31.619826266218677,2200,275,local,austin,calendar_weather_lagged_only,lgbm_point,val,2.22,
14.865166475457118,29.213376833553497,27.233589291822497,2208,276,local,austin,calendar_weather_lagged_only,lgbm_point,test,2.22,
105.76860853432281,188.8002548772577,85.34467540320014,1925,275,local,chicago,calendar_weather_lagged_only,naive_trailing7,val,0.0,
111.46058858325938,201.99423320382726,84.0762069834104,1932,276,local,chicago,calendar_weather_lagged_only,naive_trailing7,test,0.01,
70.68987012987013,188.11561242056342,55.50517528265202,1925,275,local,chicago,calendar_weather_lagged_only,seasonal_naive7,val,0.0,
84.23757763975155,198.97115415641383,49.110728372275986,1932,276,local,chicago,calendar_weather_lagged_only,seasonal_naive7,test,0.01,
63.59746119271648,144.11530788783736,48.63089031882466,1925,275,local,chicago,calendar_weather_lagged_only,ridge,val,0.02,
70.42980340498355,143.4178283467166,44.11184465083133,1932,276,local,chicago,calendar_weather_lagged_only,ridge,test,0.02,
49.2924904354019,126.73368952382653,43.17818733200623,1925,275,local,chicago,calendar_weather_lagged_only,random_forest,val,7.35,
53.9406960993838,124.1132644363195,38.17182861647242,1932,276,local,chicago,calendar_weather_lagged_only,random_forest,test,7.35,
47.99745676200644,125.8275578535122,30.87329892242206,1925,275,local,chicago,calendar_weather_lagged_only,lgbm_point,val,2.09,
50.388458421882575,123.14007429501254,27.76302599830095,1932,276,local,chicago,calendar_weather_lagged_only,lgbm_point,test,2.1,
245.53357142857143,461.6407075490844,27.237728728147943,2200,275,local,nyc,calendar_weather_lagged_only,naive_trailing7,val,0.0,
305.6182712215321,571.3918531972411,27.37934710999777,2208,276,local,nyc,calendar_weather_lagged_only,naive_trailing7,test,0.01,
226.67181818181817,494.43669417373803,26.362787181501464,2200,275,local,nyc,calendar_weather_lagged_only,seasonal_naive7,val,0.0,
282.4388586956522,644.0911805190813,25.246462590260744,2208,276,local,nyc,calendar_weather_lagged_only,seasonal_naive7,test,0.01,
171.3927388334387,367.7530353256471,19.839670556017467,2200,275,local,nyc,calendar_weather_lagged_only,ridge,val,0.02,
213.23231622430177,426.0580111471411,19.811010767182392,2208,276,local,nyc,calendar_weather_lagged_only,ridge,test,0.02,
160.02012736284576,356.9656623867601,17.544001251487376,2200,275,local,nyc,calendar_weather_lagged_only,random_forest,val,8.13,
193.15185182372392,418.48187199369823,16.914630320097285,2208,276,local,nyc,calendar_weather_lagged_only,random_forest,test,8.14,
150.3228666113593,346.4151993217495,15.258105777305678,2200,275,local,nyc,calendar_weather_lagged_only,lgbm_point,val,2.95,
178.6258606098037,413.4153353911372,14.415264809347454,2208,276,local,nyc,calendar_weather_lagged_only,lgbm_point,test,2.96,
42.45555265901981,92.11746887749817,34.97082200834225,2192,274,local,sf,calendar_weather_lagged_only,naive_trailing7,val,0.0,
44.76902597402597,97.8083661259611,75.40324061281484,2200,275,local,sf,calendar_weather_lagged_only,naive_trailing7,test,0.01,
37.60492700729927,87.9001590226342,34.06746419808784,2192,274,local,sf,calendar_weather_lagged_only,seasonal_naive7,val,0.0,
43.78636363636364,108.41276342168976,91.2024374709818,2200,275,local,sf,calendar_weather_lagged_only,seasonal_naive7,test,0.01,
32.82798686500266,71.66156153247454,103.31828535395388,2192,274,local,sf,calendar_weather_lagged_only,ridge,val,0.02,
36.667601996337076,83.14467566012304,157.33295339000804,2200,275,local,sf,calendar_weather_lagged_only,ridge,test,0.03,
32.11837392353834,73.39453570703947,29.674503135785415,2192,274,local,sf,calendar_weather_lagged_only,random_forest,val,7.26,
32.60993699232784,80.69784955617891,69.90057730515403,2200,275,local,sf,calendar_weather_lagged_only,random_forest,test,7.27,
30.172584020660516,70.35956988152726,24.312021305782107,2192,274,local,sf,calendar_weather_lagged_only,lgbm_point,val,2.74,
31.658883454075006,77.53151491530315,64.29636850707668,2200,275,local,sf,calendar_weather_lagged_only,lgbm_point,test,2.75,
30.280649350649348,49.978467719824316,52.458263892808624,2200,275,global,austin,internal,naive_trailing7,val,0.01,
30.371376811594203,50.156071302136,48.159494852497794,2208,276,global,austin,internal,naive_trailing7,test,0.02,
105.76860853432281,188.8002548772577,85.34467540320014,1925,275,global,chicago,internal,naive_trailing7,val,0.02,
111.46058858325938,201.99423320382726,84.0762069834104,1932,276,global,chicago,internal,naive_trailing7,test,0.03,
245.53357142857143,461.6407075490844,27.237728728147943,2200,275,global,nyc,internal,naive_trailing7,val,0.03,
305.6182712215321,571.3918531972411,27.37934710999777,2208,276,global,nyc,internal,naive_trailing7,test,0.03,
42.45555265901981,92.11746887749817,34.97082200834225,2192,274,global,sf,internal,naive_trailing7,val,0.04,
44.76902597402597,97.8083661259611,75.40324061281484,2200,275,global,sf,internal,naive_trailing7,test,0.05,
20.517272727272726,39.2618019315096,40.014678512769706,2200,275,global,austin,internal,seasonal_naive7,val,0.01,
21.61322463768116,42.77520656994481,38.985340929136555,2208,276,global,austin,internal,seasonal_naive7,test,0.02,
70.68987012987013,188.11561242056342,55.50517528265202,1925,275,global,chicago,internal,seasonal_naive7,val,0.02,
84.23757763975155,198.97115415641383,49.110728372275986,1932,276,global,chicago,internal,seasonal_naive7,test,0.03,
226.67181818181817,494.43669417373803,26.362787181501464,2200,275,global,nyc,internal,seasonal_naive7,val,0.03,
282.4388586956522,644.0911805190813,25.246462590260744,2208,276,global,nyc,internal,seasonal_naive7,test,0.03,
37.60492700729927,87.9001590226342,34.06746419808784,2192,274,global,sf,internal,seasonal_naive7,val,0.04,
43.78636363636364,108.41276342168976,91.2024374709818,2200,275,global,sf,internal,seasonal_naive7,test,0.04,
20.429721023120614,35.2155360668839,40.40274647098159,2200,275,global,austin,internal,ridge,val,0.07,
21.621042921000367,37.5877171266861,39.54852480424144,2208,276,global,austin,internal,ridge,test,0.08,
69.29886103573065,156.21555604045417,58.37137356152894,1925,275,global,chicago,internal,ridge,val,0.08,
75.86943348188332,154.0698291990703,53.18705400211129,1932,276,global,chicago,internal,ridge,test,0.08,
170.19548246930353,366.9355033873756,20.363729370256305,2200,275,global,nyc,internal,ridge,val,0.09,
215.48876680785796,431.37388949619213,20.426849300089533,2208,276,global,nyc,internal,ridge,test,0.09,
36.687854737532874,81.09953725604218,36.94339873114259,2192,274,global,sf,internal,ridge,val,0.1,
38.95158199236266,91.05097185143978,78.03862365688467,2200,275,global,sf,internal,ridge,test,0.1,
16.983981051905392,31.144422582825065,37.096279319922296,2200,275,global,austin,internal,random_forest,val,24.22,
17.004840333244356,32.35657696526742,33.580603091070174,2208,276,global,austin,internal,random_forest,test,24.23,
56.06246274987414,142.3209414724437,51.068864869865834,1925,275,global,chicago,internal,random_forest,val,24.23,
61.66192273835241,137.096740400988,44.37594809763715,1932,276,global,chicago,internal,random_forest,test,24.24,
170.04231167421412,366.39050351407155,19.11912020518483,2200,275,global,nyc,internal,random_forest,val,24.25,
208.45808306334507,444.5008152497217,18.600696428761992,2208,276,global,nyc,internal,random_forest,test,24.25,
31.617167358942815,75.56321556858816,29.835382934493758,2192,274,global,sf,internal,random_forest,val,24.26,
34.742749709610784,87.63841695467526,70.74158595095098,2200,275,global,sf,internal,random_forest,test,24.26,
16.648940502030257,31.26275393263216,32.84945417416106,2200,275,global,austin,internal,lgbm_point,val,3.95,
17.077278192955735,33.12611021740788,32.134697438205436,2208,276,global,austin,internal,lgbm_point,test,3.96,
55.29572658558035,143.33741077191164,41.01790807540377,1925,275,global,chicago,internal,lgbm_point,val,3.96,
60.746801242142006,141.943390419168,36.880339323186,1932,276,global,chicago,internal,lgbm_point,test,3.97,
164.9380074998204,365.6550543042384,17.51719457866465,2200,275,global,nyc,internal,lgbm_point,val,3.97,
205.46601708654936,445.70970584564776,17.641630319642807,2208,276,global,nyc,internal,lgbm_point,test,3.98,
31.7054105516658,76.60151854406246,25.036481723786224,2192,274,global,sf,internal,lgbm_point,val,3.99,
35.38768079950094,90.89960437654842,64.91893360976432,2200,275,global,sf,internal,lgbm_point,test,3.99,
30.280649350649348,49.978467719824316,52.458263892808624,2200,275,global,austin,calendar,naive_trailing7,val,0.02,
30.371376811594203,50.156071302136,48.159494852497794,2208,276,global,austin,calendar,naive_trailing7,test,0.02,
105.76860853432281,188.8002548772577,85.34467540320014,1925,275,global,chicago,calendar,naive_trailing7,val,0.02,
111.46058858325938,201.99423320382726,84.0762069834104,1932,276,global,chicago,calendar,naive_trailing7,test,0.03,
245.53357142857143,461.6407075490844,27.237728728147943,2200,275,global,nyc,calendar,naive_trailing7,val,0.03,
305.6182712215321,571.3918531972411,27.37934710999777,2208,276,global,nyc,calendar,naive_trailing7,test,0.04,
42.45555265901981,92.11746887749817,34.97082200834225,2192,274,global,sf,calendar,naive_trailing7,val,0.04,
44.76902597402597,97.8083661259611,75.40324061281484,2200,275,global,sf,calendar,naive_trailing7,test,0.05,
20.517272727272726,39.2618019315096,40.014678512769706,2200,275,global,austin,calendar,seasonal_naive7,val,0.01,
21.61322463768116,42.77520656994481,38.985340929136555,2208,276,global,austin,calendar,seasonal_naive7,test,0.02,
70.68987012987013,188.11561242056342,55.50517528265202,1925,275,global,chicago,calendar,seasonal_naive7,val,0.02,
84.23757763975155,198.97115415641383,49.110728372275986,1932,276,global,chicago,calendar,seasonal_naive7,test,0.03,
226.67181818181817,494.43669417373803,26.362787181501464,2200,275,global,nyc,calendar,seasonal_naive7,val,0.03,
282.4388586956522,644.0911805190813,25.246462590260744,2208,276,global,nyc,calendar,seasonal_naive7,test,0.04,
37.60492700729927,87.9001590226342,34.06746419808784,2192,274,global,sf,calendar,seasonal_naive7,val,0.04,
43.78636363636364,108.41276342168976,91.2024374709818,2200,275,global,sf,calendar,seasonal_naive7,test,0.04,
22.302800340650776,34.62786731798137,50.38608446106521,2200,275,global,austin,calendar,ridge,val,0.09,
24.11460110371638,37.51002694703811,52.74304802898316,2208,276,global,austin,calendar,ridge,test,0.09,
67.33094801201526,153.52544846137724,48.767271258636455,1925,275,global,chicago,calendar,ridge,val,0.09,
73.36141017285703,149.81070104583742,45.514527130704536,1932,276,global,chicago,calendar,ridge,test,0.1,
168.04024358910004,365.2688787257523,19.49470651136567,2200,275,global,nyc,calendar,ridge,val,0.1,
212.95417537242852,430.49700542695854,19.417136686544367,2208,276,global,nyc,calendar,ridge,test,0.11,
37.84469642878043,79.27354582376066,89.50549128128621,2192,274,global,sf,calendar,ridge,val,0.11,
40.467048159500536,88.8609911650206,151.41374832460463,2200,275,global,sf,calendar,ridge,test,0.11,
16.013689968301637,28.081902100916608,35.19205312118399,2200,275,global,austin,calendar,random_forest,val,29.43,
15.818053412985845,29.481178254367272,31.368850190504332,2208,276,global,austin,calendar,random_forest,test,29.43,
51.50034072923451,135.69224626230263,46.03386866368221,1925,275,global,chicago,calendar,random_forest,val,29.44,
56.42890042379004,128.81029492136022,39.32921597888176,1932,276,global,chicago,calendar,random_forest,test,29.44,
158.47436751320726,353.24781591881504,17.26046492096395,2200,275,global,nyc,calendar,random_forest,val,29.45,
192.9762800838398,425.0419834491093,16.62743430322741,2208,276,global,nyc,calendar,random_forest,test,29.45,
29.33972105571594,70.71891734550962,28.226861056856045,2192,274,global,sf,calendar,random_forest,val,29.46,
31.72604545211215,79.99954861613692,71.56877701402561,2200,275,global,sf,calendar,random_forest,test,29.46,
15.119255223201327,27.45324407379017,29.400521567358044,2200,275,global,austin,calendar,lgbm_point,val,4.47,
15.251444017533847,30.41042764453,27.96787541751308,2208,276,global,austin,calendar,lgbm_point,test,4.47,
49.156678607863284,134.6802154603017,32.24935721002378,1925,275,global,chicago,calendar,lgbm_point,val,4.48,
53.16204447081768,128.4122069842365,28.019673603954182,1932,276,global,chicago,calendar,lgbm_point,test,4.48,
143.21751787925027,338.06569923923763,14.400463005692668,2200,275,global,nyc,calendar,lgbm_point,val,4.49,
182.25370308396995,423.177472362286,14.948253910692966,2208,276,global,nyc,calendar,lgbm_point,test,4.49,
28.55997138958291,67.29864923651354,22.548624455467053,2192,274,global,sf,calendar,lgbm_point,val,4.5,
30.33529153836181,78.21388760549975,62.36388369440963,2200,275,global,sf,calendar,lgbm_point,test,4.5,
30.280649350649348,49.978467719824316,52.458263892808624,2200,275,global,austin,weather,naive_trailing7,val,0.02,
30.371376811594203,50.156071302136,48.159494852497794,2208,276,global,austin,weather,naive_trailing7,test,0.02,
105.76860853432281,188.8002548772577,85.34467540320014,1925,275,global,chicago,weather,naive_trailing7,val,0.03,
111.46058858325938,201.99423320382726,84.0762069834104,1932,276,global,chicago,weather,naive_trailing7,test,0.03,
245.53357142857143,461.6407075490844,27.237728728147943,2200,275,global,nyc,weather,naive_trailing7,val,0.04,
305.6182712215321,571.3918531972411,27.37934710999777,2208,276,global,nyc,weather,naive_trailing7,test,0.04,
42.45555265901981,92.11746887749817,34.97082200834225,2192,274,global,sf,weather,naive_trailing7,val,0.05,
44.76902597402597,97.8083661259611,75.40324061281484,2200,275,global,sf,weather,naive_trailing7,test,0.05,
20.517272727272726,39.2618019315096,40.014678512769706,2200,275,global,austin,weather,seasonal_naive7,val,0.02,
21.61322463768116,42.77520656994481,38.985340929136555,2208,276,global,austin,weather,seasonal_naive7,test,0.02,
70.68987012987013,188.11561242056342,55.50517528265202,1925,275,global,chicago,weather,seasonal_naive7,val,0.03,
84.23757763975155,198.97115415641383,49.110728372275986,1932,276,global,chicago,weather,seasonal_naive7,test,0.03,
226.67181818181817,494.43669417373803,26.362787181501464,2200,275,global,nyc,weather,seasonal_naive7,val,0.04,
282.4388586956522,644.0911805190813,25.246462590260744,2208,276,global,nyc,weather,seasonal_naive7,test,0.04,
37.60492700729927,87.9001590226342,34.06746419808784,2192,274,global,sf,weather,seasonal_naive7,val,0.04,
43.78636363636364,108.41276342168976,91.2024374709818,2200,275,global,sf,weather,seasonal_naive7,test,0.05,
21.94969927690652,36.132729604976156,48.4387444718447,2200,275,global,austin,weather,ridge,val,0.12,
22.681804752694756,38.172102030458746,42.95442960291289,2208,276,global,austin,weather,ridge,test,0.12,
69.24371747021341,156.0050905472114,53.579727580000025,1925,275,global,chicago,weather,ridge,val,0.13,
76.17669651642173,153.57521841846,50.53708746904516,1932,276,global,chicago,weather,ridge,test,0.13,
169.15571545967777,367.1036861960862,20.044280920303432,2200,275,global,nyc,weather,ridge,val,0.14,
214.7151642528043,431.14638890535446,19.95263872118688,2208,276,global,nyc,weather,ridge,test,0.14,
37.51839988296698,80.90521314089344,61.3778878008349,2192,274,global,sf,weather,ridge,val,0.15,
39.90848137494634,90.8983824170833,99.15615603510287,2200,275,global,sf,weather,ridge,test,0.15,
17.258547946040906,31.22040751192305,38.399681015614426,2200,275,global,austin,weather,random_forest,val,36.32,
17.511403832280696,33.58240959280649,35.082356268325924,2208,276,global,austin,weather,random_forest,test,36.33,
55.272339565904936,142.5175662595939,48.55539195651388,1925,275,global,chicago,weather,random_forest,val,36.33,
61.140896395761736,135.92202331031723,42.33770617654265,1932,276,global,chicago,weather,random_forest,test,36.34,
163.27386903590067,355.8295953369582,18.55392475230506,2200,275,global,nyc,weather,random_forest,val,36.35,
199.21383850130064,424.4608301546012,17.943150949767738,2208,276,global,nyc,weather,random_forest,test,36.35,
31.02788998274832,73.82407397122468,29.89157022261591,2192,274,global,sf,weather,random_forest,val,36.36,
34.193825975937166,87.6834397078455,70.71586382977702,2200,275,global,sf,weather,random_forest,test,36.36,
16.8466675563474,31.457555232195325,33.291716773383946,2200,275,global,austin,weather,lgbm_point,val,4.23,
17.169240640710044,33.38820097826536,31.404518274736365,2208,276,global,austin,weather,lgbm_point,test,4.24,
55.90059678664886,144.18331335909804,40.32721855345314,1925,275,global,chicago,weather,lgbm_point,val,4.24,
60.453197149788025,140.3520815232932,36.04554977037575,1932,276,global,chicago,weather,lgbm_point,test,4.25,
152.84942556086264,343.2535407362334,16.276065107643053,2200,275,global,nyc,weather,lgbm_point,val,4.25,
192.82151958283345,423.77469506113636,16.7276937905783,2208,276,global,nyc,weather,lgbm_point,test,4.26,
30.881792222616752,73.53624889668825,24.99064226178533,2192,274,global,sf,weather,lgbm_point,val,4.26,
34.51109384058222,87.98040939098047,65.09184298017267,2200,275,global,sf,weather,lgbm_point,test,4.26,
30.280649350649348,49.978467719824316,52.458263892808624,2200,275,global,austin,calendar_weather,naive_trailing7,val,0.02,
30.371376811594203,50.156071302136,48.159494852497794,2208,276,global,austin,calendar_weather,naive_trailing7,test,0.02,
105.76860853432281,188.8002548772577,85.34467540320014,1925,275,global,chicago,calendar_weather,naive_trailing7,val,0.03,
111.46058858325938,201.99423320382726,84.0762069834104,1932,276,global,chicago,calendar_weather,naive_trailing7,test,0.03,
245.53357142857143,461.6407075490844,27.237728728147943,2200,275,global,nyc,calendar_weather,naive_trailing7,val,0.03,
305.6182712215321,571.3918531972411,27.37934710999777,2208,276,global,nyc,calendar_weather,naive_trailing7,test,0.04,
42.45555265901981,92.11746887749817,34.97082200834225,2192,274,global,sf,calendar_weather,naive_trailing7,val,0.04,
44.76902597402597,97.8083661259611,75.40324061281484,2200,275,global,sf,calendar_weather,naive_trailing7,test,0.05,
20.517272727272726,39.2618019315096,40.014678512769706,2200,275,global,austin,calendar_weather,seasonal_naive7,val,0.02,
21.61322463768116,42.77520656994481,38.985340929136555,2208,276,global,austin,calendar_weather,seasonal_naive7,test,0.02,
70.68987012987013,188.11561242056342,55.50517528265202,1925,275,global,chicago,calendar_weather,seasonal_naive7,val,0.03,
84.23757763975155,198.97115415641383,49.110728372275986,1932,276,global,chicago,calendar_weather,seasonal_naive7,test,0.03,
226.67181818181817,494.43669417373803,26.362787181501464,2200,275,global,nyc,calendar_weather,seasonal_naive7,val,0.04,
282.4388586956522,644.0911805190813,25.246462590260744,2208,276,global,nyc,calendar_weather,seasonal_naive7,test,0.04,
37.60492700729927,87.9001590226342,34.06746419808784,2192,274,global,sf,calendar_weather,seasonal_naive7,val,0.05,
43.78636363636364,108.41276342168976,91.2024374709818,2200,275,global,sf,calendar_weather,seasonal_naive7,test,0.05,
23.49872507875511,35.61852176303428,55.80761534371469,2200,275,global,austin,calendar_weather,ridge,val,0.13,
24.333261117341248,37.85909335310254,52.76707866830429,2208,276,global,austin,calendar_weather,ridge,test,0.13,
67.58983286775286,153.3679218804322,47.741537711614185,1925,275,global,chicago,calendar_weather,ridge,val,0.14,
73.41095763266433,149.24377155078705,44.85297954794862,1932,276,global,chicago,calendar_weather,ridge,test,0.14,
167.1186038947169,365.4014365193832,19.283274135055162,2200,275,global,nyc,calendar_weather,ridge,val,0.15,
212.21084208169825,430.2167754247851,19.11167302086591,2208,276,global,nyc,calendar_weather,ridge,test,0.15,
38.410331423911835,79.03006854022111,108.04118409717003,2192,274,global,sf,calendar_weather,ridge,val,0.16,
40.970998815957905,88.71325893509675,161.91765396648242,2200,275,global,sf,calendar_weather,ridge,test,0.16,
16.451947740833926,28.934584773504604,36.96906796874324,2200,275,global,austin,calendar_weather,random_forest,val,43.85,
16.33931357630323,30.570314340257095,32.565416392946595,2208,276,global,austin,calendar_weather,random_forest,test,43.85,
51.03384399685407,133.443986845582,43.912587726745485,1925,275,global,chicago,calendar_weather,random_forest,val,43.85,
55.6790779132218,127.63470796739227,37.3590228680227,1932,276,global,chicago,calendar_weather,random_forest,test,43.86,
155.16018819512595,347.04089676458653,16.893380644839837,2200,275,global,nyc,calendar_weather,random_forest,val,43.86,
188.261873414698,409.7013891502586,16.3052268114796,2208,276,global,nyc,calendar_weather,random_forest,test,43.87,
28.940863952966595,69.25644197785519,28.138812353971154,2192,274,global,sf,calendar_weather,random_forest,val,43.87,
31.59227986882646,80.83133668195376,69.28200033996205,2200,275,global,sf,calendar_weather,random_forest,test,43.88,
15.082031765318044,27.581924036666663,29.476744713511515,2200,275,global,austin,calendar_weather,lgbm_point,val,4.19,
15.45350535664976,30.462481403973666,27.99055792905471,2208,276,global,austin,calendar_weather,lgbm_point,test,4.19,
47.94101014974246,132.6897724852963,31.50931039704041,1925,275,global,chicago,calendar_weather,lgbm_point,val,4.2,
52.49911946685754,128.81305178234297,27.63282561037442,1932,276,global,chicago,calendar_weather,lgbm_point,test,4.2,
133.63590490007718,319.9025021002684,13.64370252430118,2200,275,global,nyc,calendar_weather,lgbm_point,val,4.21,
168.38800849915992,394.7285840436625,14.015795663608104,2208,276,global,nyc,calendar_weather,lgbm_point,test,4.21,
27.196073959419877,64.19771602193589,23.109910763852984,2192,274,global,sf,calendar_weather,lgbm_point,val,4.22,
29.708938493659495,75.39523866116355,64.47543194899158,2200,275,global,sf,calendar_weather,lgbm_point,test,4.22,
30.280649350649348,49.978467719824316,52.458263892808624,2200,275,global,austin,calendar_weather_lagged_only,naive_trailing7,val,0.02,
30.371376811594203,50.156071302136,48.159494852497794,2208,276,global,austin,calendar_weather_lagged_only,naive_trailing7,test,0.02,
105.76860853432281,188.8002548772577,85.34467540320014,1925,275,global,chicago,calendar_weather_lagged_only,naive_trailing7,val,0.03,
111.46058858325938,201.99423320382726,84.0762069834104,1932,276,global,chicago,calendar_weather_lagged_only,naive_trailing7,test,0.03,
245.53357142857143,461.6407075490844,27.237728728147943,2200,275,global,nyc,calendar_weather_lagged_only,naive_trailing7,val,0.04,
305.6182712215321,571.3918531972411,27.37934710999777,2208,276,global,nyc,calendar_weather_lagged_only,naive_trailing7,test,0.04,
42.45555265901981,92.11746887749817,34.97082200834225,2192,274,global,sf,calendar_weather_lagged_only,naive_trailing7,val,0.05,
44.76902597402597,97.8083661259611,75.40324061281484,2200,275,global,sf,calendar_weather_lagged_only,naive_trailing7,test,0.05,
20.517272727272726,39.2618019315096,40.014678512769706,2200,275,global,austin,calendar_weather_lagged_only,seasonal_naive7,val,0.02,
21.61322463768116,42.77520656994481,38.985340929136555,2208,276,global,austin,calendar_weather_lagged_only,seasonal_naive7,test,0.02,
70.68987012987013,188.11561242056342,55.50517528265202,1925,275,global,chicago,calendar_weather_lagged_only,seasonal_naive7,val,0.03,
84.23757763975155,198.97115415641383,49.110728372275986,1932,276,global,chicago,calendar_weather_lagged_only,seasonal_naive7,test,0.03,
226.67181818181817,494.43669417373803,26.362787181501464,2200,275,global,nyc,calendar_weather_lagged_only,seasonal_naive7,val,0.03,
282.4388586956522,644.0911805190813,25.246462590260744,2208,276,global,nyc,calendar_weather_lagged_only,seasonal_naive7,test,0.04,
37.60492700729927,87.9001590226342,34.06746419808784,2192,274,global,sf,calendar_weather_lagged_only,seasonal_naive7,val,0.04,
43.78636363636364,108.41276342168976,91.2024374709818,2200,275,global,sf,calendar_weather_lagged_only,seasonal_naive7,test,0.05,
22.898247389473628,35.42380261485428,52.555046757931166,2200,275,global,austin,calendar_weather_lagged_only,ridge,val,0.1,
24.331491109373626,37.72851963017922,53.05682315260525,2208,276,global,austin,calendar_weather_lagged_only,ridge,test,0.11,
67.49319175174539,153.45832857269545,48.121174025614756,1925,275,global,chicago,calendar_weather_lagged_only,ridge,val,0.11,
72.99653168698629,149.0651417048208,44.887926910178834,1932,276,global,chicago,calendar_weather_lagged_only,ridge,test,0.12,
167.8096774565136,365.5445664552496,19.451006231532403,2200,275,global,nyc,calendar_weather_lagged_only,ridge,val,0.12,
212.39118333145535,430.1453659499704,19.19351680847374,2208,276,global,nyc,calendar_weather_lagged_only,ridge,test,0.13,
38.23782326790751,79.2189088621691,101.58660568924537,2192,274,global,sf,calendar_weather_lagged_only,ridge,val,0.13,
40.6940948584979,88.623200744105,157.00340268034802,2200,275,global,sf,calendar_weather_lagged_only,ridge,test,0.14,
16.133418718215566,28.208990841811044,36.06701217549629,2200,275,global,austin,calendar_weather_lagged_only,random_forest,val,36.49,
15.982017431045776,30.057763355421688,31.710954559307474,2208,276,global,austin,calendar_weather_lagged_only,random_forest,test,36.5,
51.39490587277046,134.59838145176155,44.93477816603571,1925,275,global,chicago,calendar_weather_lagged_only,random_forest,val,36.5,
56.00210334122087,127.36606268331813,38.6180957086047,1932,276,global,chicago,calendar_weather_lagged_only,random_forest,test,36.5,
159.6509773339327,355.06481006810674,17.16196166152496,2200,275,global,nyc,calendar_weather_lagged_only,random_forest,val,36.51,
191.86600677726733,419.8418204038013,16.424687976050183,2208,276,global,nyc,calendar_weather_lagged_only,random_forest,test,36.51,
29.426109929630634,70.86785078604623,28.26447820712267,2192,274,global,sf,calendar_weather_lagged_only,random_forest,val,36.52,
31.851056981510556,80.20479621349668,70.95222851393727,2200,275,global,sf,calendar_weather_lagged_only,random_forest,test,36.52,
14.975931670417511,27.514182273266254,29.842949259443895,2200,275,global,austin,calendar_weather_lagged_only,lgbm_point,val,5.15,
15.266412382641226,30.420430420906374,28.13899526330529,2208,276,global,austin,calendar_weather_lagged_only,lgbm_point,test,5.15,
48.599097318631166,132.3639260576878,32.71755740280792,1925,275,global,chicago,calendar_weather_lagged_only,lgbm_point,val,5.16,
53.064108491882806,128.27726864982372,27.526752359984958,1932,276,global,chicago,calendar_weather_lagged_only,lgbm_point,test,5.16,
145.96764923766685,340.367431030442,14.593717610188342,2200,275,global,nyc,calendar_weather_lagged_only,lgbm_point,val,5.17,
180.75566902181632,419.3195331972187,14.733730637323866,2208,276,global,nyc,calendar_weather_lagged_only,lgbm_point,test,5.17,
27.871529319147776,67.1714446138862,22.887648135220108,2192,274,global,sf,calendar_weather_lagged_only,lgbm_point,val,5.18,
30.768157762280513,79.31271007478563,63.336179118131106,2200,275,global,sf,calendar_weather_lagged_only,lgbm_point,test,5.18,
24.47004231789987,41.41838207008182,51.88188169273137,2208,276,loco_zero_shot_censored,austin,calendar_weather,lgbm_point,test,,2024-05-04
68.56904078463894,147.53306735879892,40.379027332682774,1932,276,loco_zero_shot_censored,chicago,calendar_weather,lgbm_point,test,,2024-05-03
411.1147148709741,828.2555975575672,22.74180345838553,2208,276,loco_zero_shot_censored,nyc,calendar_weather,lgbm_point,test,,2024-05-03
31.670272253078736,79.39620899613563,64.66601648816246,2200,275,loco_zero_shot_censored,sf,calendar_weather,lgbm_point,test,,2024-05-05
