city,regime,kappa,units,policy,total_loss,pct_vs_proportional,pct_vs_uniform
austin,scarce,1,415,uniform,19671567.0,-24.436,0.0
austin,scarce,1,415,proportional,15808608.0,0.0,19.637
austin,scarce,1,415,point_greedy/fixed_index,16648324.0,-5.312,15.369
austin,scarce,1,415,point_greedy/random_mean,16191031.55,-2.419,17.693
austin,scarce,1,415,point_greedy/random_min,16183387.0,-2.371,17.732
austin,scarce,1,415,point_greedy/random_max,16199498.0,-2.473,17.65
austin,scarce,1,415,point_greedy/proportional_unmet,15808608.0,0.0,19.637
austin,scarce,1,415,median_arm/fixed_index,16600119.0,-5.007,15.614
austin,scarce,1,415,implied_mean_arm/fixed_index,16740253.0,-5.893,14.901
austin,scarce,1,415,quantile_full,15919246.0,-0.7,19.075
austin,scarce,1,415,quantile_full_conformal,15877153.0,-0.434,19.289
austin,moderate,1,533,uniform,17459294.0,-54.535,0.0
austin,moderate,1,533,proportional,11297940.0,0.0,35.29
austin,moderate,1,533,point_greedy/fixed_index,12178683.0,-7.796,30.245
austin,moderate,1,533,point_greedy/random_mean,11783094.8,-4.294,32.511
austin,moderate,1,533,point_greedy/random_min,11774047.0,-4.214,32.563
austin,moderate,1,533,point_greedy/random_max,11792297.0,-4.376,32.458
austin,moderate,1,533,point_greedy/proportional_unmet,11297940.0,0.0,35.29
austin,moderate,1,533,median_arm/fixed_index,12121700.0,-7.291,30.572
austin,moderate,1,533,implied_mean_arm/fixed_index,12298482.0,-8.856,29.559
austin,moderate,1,533,quantile_full,11419821.0,-1.079,34.592
austin,moderate,1,533,quantile_full_conformal,11374180.0,-0.675,34.853
austin,generous,1,652,uniform,15521252.0,-129.977,0.0
austin,generous,1,652,proportional,6749046.0,0.0,56.517
austin,generous,1,652,point_greedy/fixed_index,7852508.0,-16.35,49.408
austin,generous,1,652,point_greedy/random_mean,7304953.8,-8.237,52.936
austin,generous,1,652,point_greedy/random_min,7300809.0,-8.175,52.962
austin,generous,1,652,point_greedy/random_max,7312567.0,-8.35,52.887
austin,generous,1,652,point_greedy/proportional_unmet,6749046.0,0.0,56.517
austin,generous,1,652,median_arm/fixed_index,7780260.0,-15.279,49.874
austin,generous,1,652,implied_mean_arm/fixed_index,7989884.0,-18.385,48.523
austin,generous,1,652,quantile_full,6886507.0,-2.037,55.632
austin,generous,1,652,quantile_full_conformal,6835377.0,-1.279,55.961
austin,scarce,5,83,uniform,19599502.0,-23.98,0.0
austin,scarce,5,83,proportional,15808608.0,0.0,19.342
austin,scarce,5,83,point_greedy/fixed_index,16491648.0,-4.321,15.857
austin,scarce,5,83,point_greedy/random_mean,16064064.0,-1.616,18.038
austin,scarce,5,83,point_greedy/random_min,16055150.0,-1.56,18.084
austin,scarce,5,83,point_greedy/random_max,16076974.0,-1.698,17.973
austin,scarce,5,83,point_greedy/proportional_unmet,15808608.0,0.0,19.342
austin,scarce,5,83,median_arm/fixed_index,16465981.0,-4.158,15.988
austin,scarce,5,83,implied_mean_arm/fixed_index,16579365.0,-4.876,15.409
austin,scarce,5,83,quantile_full,15892537.0,-0.531,18.914
austin,scarce,5,83,quantile_full_conformal,15866504.0,-0.366,19.046
austin,moderate,5,107,uniform,17367290.0,-54.768,0.0
austin,moderate,5,107,proportional,11221488.0,0.0,35.387
austin,moderate,5,107,point_greedy/fixed_index,11947770.0,-6.472,31.205
austin,moderate,5,107,point_greedy/random_mean,11566949.0,-3.079,33.398
austin,moderate,5,107,point_greedy/random_min,11556724.0,-2.987,33.457
austin,moderate,5,107,point_greedy/random_max,11581225.0,-3.206,33.316
austin,moderate,5,107,point_greedy/proportional_unmet,11221488.0,0.0,35.387
austin,moderate,5,107,median_arm/fixed_index,11910050.0,-6.136,31.423
austin,moderate,5,107,implied_mean_arm/fixed_index,12049332.0,-7.377,30.621
austin,moderate,5,107,quantile_full,11314193.0,-0.826,34.853
austin,moderate,5,107,quantile_full_conformal,11286122.0,-0.576,35.015
austin,generous,5,130,uniform,15636766.0,-129.084,0.0
austin,generous,5,130,proportional,6825774.0,0.0,56.348
austin,generous,5,130,point_greedy/fixed_index,7736329.0,-13.34,50.525
austin,generous,5,130,point_greedy/random_mean,7228867.85,-5.905,53.77
austin,generous,5,130,point_greedy/random_min,7215741.0,-5.713,53.854
austin,generous,5,130,point_greedy/random_max,7238483.0,-6.046,53.709
austin,generous,5,130,point_greedy/proportional_unmet,6825498.0,0.004,56.35
austin,generous,5,130,median_arm/fixed_index,7689590.0,-12.655,50.824
austin,generous,5,130,implied_mean_arm/fixed_index,7867603.0,-15.263,49.685
austin,generous,5,130,quantile_full,6931776.0,-1.553,55.67
austin,generous,5,130,quantile_full_conformal,6898711.0,-1.069,55.881
austin,scarce,10,41,uniform,19977636.0,-24.862,0.0
austin,scarce,10,41,proportional,15999738.0,0.0,19.912
austin,scarce,10,41,point_greedy/fixed_index,16546937.0,-3.42,17.173
austin,scarce,10,41,point_greedy/random_mean,16157633.9,-0.987,19.121
austin,scarce,10,41,point_greedy/random_min,16136343.0,-0.854,19.228
austin,scarce,10,41,point_greedy/random_max,16169892.0,-1.063,19.06
austin,scarce,10,41,point_greedy/proportional_unmet,15999738.0,0.0,19.912
austin,scarce,10,41,median_arm/fixed_index,16514621.0,-3.218,17.334
austin,scarce,10,41,implied_mean_arm/fixed_index,16610644.0,-3.818,16.854
austin,scarce,10,41,quantile_full,16069971.0,-0.439,19.56
austin,scarce,10,41,quantile_full_conformal,16048953.0,-0.308,19.665
austin,moderate,10,53,uniform,17748109.0,-55.513,0.0
austin,moderate,10,53,proportional,11412618.0,0.0,35.697
austin,moderate,10,53,point_greedy/fixed_index,11991990.0,-5.077,32.432
austin,moderate,10,53,point_greedy/random_mean,11642273.3,-2.012,34.403
austin,moderate,10,53,point_greedy/random_min,11626088.0,-1.87,34.494
austin,moderate,10,53,point_greedy/random_max,11659243.0,-2.161,34.307
austin,moderate,10,53,point_greedy/proportional_unmet,11412618.0,0.0,35.697
austin,moderate,10,53,median_arm/fixed_index,11952912.0,-4.734,32.652
austin,moderate,10,53,implied_mean_arm/fixed_index,12068864.0,-5.75,31.999
austin,moderate,10,53,quantile_full,11489477.0,-0.673,35.264
austin,moderate,10,53,quantile_full_conformal,11467139.0,-0.478,35.39
austin,generous,10,65,uniform,15699351.0,-130.001,0.0
austin,generous,10,65,proportional,6825774.0,0.0,56.522
austin,generous,10,65,point_greedy/fixed_index,7562479.0,-10.793,51.829
austin,generous,10,65,point_greedy/random_mean,7110869.75,-4.177,54.706
austin,generous,10,65,point_greedy/random_min,7102433.0,-4.053,54.76
austin,generous,10,65,point_greedy/random_max,7118532.0,-4.289,54.657
austin,generous,10,65,point_greedy/proportional_unmet,6825498.0,0.004,56.524
austin,generous,10,65,median_arm/fixed_index,7518182.0,-10.144,52.112
austin,generous,10,65,implied_mean_arm/fixed_index,7670221.0,-12.371,51.143
austin,generous,10,65,quantile_full,6914112.0,-1.294,55.959
austin,generous,10,65,quantile_full_conformal,6887141.0,-0.899,56.131
austin,scarce,25,17,uniform,19977636.0,-29.503,0.0
austin,scarce,25,17,proportional,15426348.0,0.0,22.782
austin,scarce,25,17,point_greedy/fixed_index,15779783.0,-2.291,21.013
austin,scarce,25,17,point_greedy/random_mean,15487957.5,-0.399,22.474
austin,scarce,25,17,point_greedy/random_min,15476041.0,-0.322,22.533
austin,scarce,25,17,point_greedy/random_max,15500843.0,-0.483,22.409
austin,scarce,25,17,point_greedy/proportional_unmet,15426348.0,0.0,22.782
austin,scarce,25,17,median_arm/fixed_index,15738832.0,-2.026,21.218
austin,scarce,25,17,implied_mean_arm/fixed_index,15810067.0,-2.487,20.861
austin,scarce,25,17,quantile_full,15465801.0,-0.256,22.584
austin,scarce,25,17,quantile_full_conformal,15457091.0,-0.199,22.628
austin,moderate,25,21,uniform,18247837.0,-57.236,0.0
austin,moderate,25,21,proportional,11605404.0,0.0,36.401
austin,moderate,25,21,point_greedy/fixed_index,11970132.0,-3.143,34.402
austin,moderate,25,21,point_greedy/random_mean,11704420.7,-0.853,35.859
austin,moderate,25,21,point_greedy/random_min,11682610.0,-0.665,35.978
austin,moderate,25,21,point_greedy/random_max,11723675.0,-1.019,35.753
austin,moderate,25,21,point_greedy/proportional_unmet,11603748.0,0.014,36.41
austin,moderate,25,21,median_arm/fixed_index,11937910.0,-2.865,34.579
austin,moderate,25,21,implied_mean_arm/fixed_index,12007220.0,-3.462,34.199
austin,moderate,25,21,quantile_full,11646225.0,-0.352,36.178
austin,moderate,25,21,quantile_full_conformal,11637236.0,-0.274,36.227
austin,generous,25,26,uniform,16146979.0,-136.444,0.0
austin,generous,25,26,proportional,6829086.0,0.0,57.707
austin,generous,25,26,point_greedy/fixed_index,7323643.0,-7.242,54.644
austin,generous,25,26,point_greedy/random_mean,6964304.1,-1.98,56.869
austin,generous,25,26,point_greedy/random_min,6940397.0,-1.63,57.017
austin,generous,25,26,point_greedy/random_max,6976945.0,-2.165,56.791
austin,generous,25,26,point_greedy/proportional_unmet,6825498.0,0.053,57.729
austin,generous,25,26,median_arm/fixed_index,7258028.0,-6.281,55.05
austin,generous,25,26,implied_mean_arm/fixed_index,7359578.0,-7.768,54.421
austin,generous,25,26,quantile_full,6871423.0,-0.62,57.445
austin,generous,25,26,quantile_full_conformal,6861241.0,-0.471,57.508
austin,scarce,50,8,uniform,19977642.0,-21.941,0.0
austin,scarce,50,8,proportional,16383102.0,0.0,17.993
austin,scarce,50,8,point_greedy/fixed_index,16572872.0,-1.158,17.043
austin,scarce,50,8,point_greedy/random_mean,16406243.05,-0.141,17.877
austin,scarce,50,8,point_greedy/random_min,16397061.0,-0.085,17.923
austin,scarce,50,8,point_greedy/random_max,16412513.0,-0.18,17.846
austin,scarce,50,8,point_greedy/proportional_unmet,16381998.0,0.007,17.998
austin,scarce,50,8,median_arm/fixed_index,16570052.0,-1.141,17.057
austin,scarce,50,8,implied_mean_arm/fixed_index,16607397.0,-1.369,16.87
austin,scarce,50,8,quantile_full,16410288.0,-0.166,17.857
austin,scarce,50,8,quantile_full_conformal,16398015.0,-0.091,17.918
austin,moderate,50,11,uniform,17113888.0,-60.673,0.0
austin,moderate,50,11,proportional,10651410.0,0.0,37.762
austin,moderate,50,11,point_greedy/fixed_index,10869184.0,-2.045,36.489
austin,moderate,50,11,point_greedy/random_mean,10699292.1,-0.45,37.482
austin,moderate,50,11,point_greedy/random_min,10690404.0,-0.366,37.534
austin,moderate,50,11,point_greedy/random_max,10709091.0,-0.542,37.425
austin,moderate,50,11,point_greedy/proportional_unmet,10648098.0,0.031,37.781
austin,moderate,50,11,median_arm/fixed_index,10865973.0,-2.014,36.508
austin,moderate,50,11,implied_mean_arm/fixed_index,10920984.0,-2.531,36.186
austin,moderate,50,11,quantile_full,10679297.0,-0.262,37.599
austin,moderate,50,11,quantile_full_conformal,10667024.0,-0.147,37.67
austin,generous,50,13,uniform,17099914.0,-150.055,0.0
austin,generous,50,13,proportional,6838453.0,0.0,60.009
austin,generous,50,13,point_greedy/fixed_index,7085533.0,-3.613,58.564
austin,generous,50,13,point_greedy/random_mean,6889630.9,-0.748,59.71
austin,generous,50,13,point_greedy/random_min,6874922.0,-0.533,59.796
austin,generous,50,13,point_greedy/random_max,6902109.0,-0.931,59.637
austin,generous,50,13,point_greedy/proportional_unmet,6825498.0,0.189,60.085
austin,generous,50,13,median_arm/fixed_index,7097634.0,-3.79,58.493
austin,generous,50,13,implied_mean_arm/fixed_index,7145955.0,-4.497,58.211
austin,generous,50,13,quantile_full,6856849.0,-0.269,59.901
austin,generous,50,13,quantile_full_conformal,6844424.0,-0.087,59.974
austin,scarce,100,8,uniform,13277310.0,-1024.837,0.0
austin,scarce,100,8,proportional,1180376.0,0.0,91.11
austin,scarce,100,8,point_greedy/fixed_index,1271301.0,-7.703,90.425
austin,scarce,100,8,point_greedy/random_mean,1206737.45,-2.233,90.911
austin,scarce,100,8,point_greedy/random_min,1193447.0,-1.107,91.011
austin,scarce,100,8,point_greedy/random_max,1229735.0,-4.182,90.738
austin,scarce,100,8,point_greedy/proportional_unmet,1149000.0,2.658,91.346
austin,scarce,100,8,median_arm/fixed_index,1258008.0,-6.577,90.525
austin,scarce,100,8,implied_mean_arm/fixed_index,1271419.0,-7.713,90.424
austin,scarce,100,8,quantile_full,1157428.0,1.944,91.283
austin,scarce,100,8,quantile_full_conformal,1157338.0,1.952,91.283
austin,moderate,100,8,uniform,13277310.0,-1024.837,0.0
austin,moderate,100,8,proportional,1180376.0,0.0,91.11
austin,moderate,100,8,point_greedy/fixed_index,1271301.0,-7.703,90.425
austin,moderate,100,8,point_greedy/random_mean,1206737.45,-2.233,90.911
austin,moderate,100,8,point_greedy/random_min,1193447.0,-1.107,91.011
austin,moderate,100,8,point_greedy/random_max,1229735.0,-4.182,90.738
austin,moderate,100,8,point_greedy/proportional_unmet,1149000.0,2.658,91.346
austin,moderate,100,8,median_arm/fixed_index,1258008.0,-6.577,90.525
austin,moderate,100,8,implied_mean_arm/fixed_index,1271419.0,-7.713,90.424
austin,moderate,100,8,quantile_full,1157428.0,1.944,91.283
austin,moderate,100,8,quantile_full_conformal,1157338.0,1.952,91.283
austin,generous,100,8,uniform,13277310.0,-1024.837,0.0
austin,generous,100,8,proportional,1180376.0,0.0,91.11
austin,generous,100,8,point_greedy/fixed_index,1271301.0,-7.703,90.425
austin,generous,100,8,point_greedy/random_mean,1206737.45,-2.233,90.911
austin,generous,100,8,point_greedy/random_min,1193447.0,-1.107,91.011
austin,generous,100,8,point_greedy/random_max,1229735.0,-4.182,90.738
austin,generous,100,8,point_greedy/proportional_unmet,1149000.0,2.658,91.346
austin,generous,100,8,median_arm/fixed_index,1258008.0,-6.577,90.525
austin,generous,100,8,implied_mean_arm/fixed_index,1271419.0,-7.713,90.424
austin,generous,100,8,quantile_full,1157428.0,1.944,91.283
austin,generous,100,8,quantile_full_conformal,1157338.0,1.952,91.283
chicago,scarce,1,1462,uniform,46676430.0,-27.17,0.0
chicago,scarce,1,1462,proportional,36703971.0,0.0,21.365
chicago,scarce,1,1462,point_greedy/fixed_index,38679427.0,-5.382,17.133
chicago,scarce,1,1462,point_greedy/random_mean,37863681.35,-3.16,18.881
chicago,scarce,1,1462,point_greedy/random_min,37837316.0,-3.088,18.937
chicago,scarce,1,1462,point_greedy/random_max,37887363.0,-3.224,18.83
chicago,scarce,1,1462,point_greedy/proportional_unmet,36703971.0,0.0,21.365
chicago,scarce,1,1462,median_arm/fixed_index,38700027.0,-5.438,17.089
chicago,scarce,1,1462,implied_mean_arm/fixed_index,39231277.0,-6.886,15.951
chicago,scarce,1,1462,quantile_full,36871423.0,-0.456,21.006
chicago,scarce,1,1462,quantile_full_conformal,36778924.0,-0.204,21.205
chicago,moderate,1,1879,uniform,40356300.0,-94.36,0.0
chicago,moderate,1,1879,proportional,20763729.0,0.0,48.549
chicago,moderate,1,1879,point_greedy/fixed_index,23290981.0,-12.171,42.287
chicago,moderate,1,1879,point_greedy/random_mean,22607713.05,-8.881,43.98
chicago,moderate,1,1879,point_greedy/random_min,22586356.0,-8.778,44.033
chicago,moderate,1,1879,point_greedy/random_max,22635100.0,-9.013,43.912
chicago,moderate,1,1879,point_greedy/proportional_unmet,20763729.0,0.0,48.549
chicago,moderate,1,1879,median_arm/fixed_index,23300870.0,-12.219,42.262
chicago,moderate,1,1879,implied_mean_arm/fixed_index,23832531.0,-14.78,40.945
chicago,moderate,1,1879,quantile_full,20988600.0,-1.083,47.992
chicago,moderate,1,1879,quantile_full_conformal,20883257.0,-0.576,48.253
chicago,generous,1,2297,uniform,35319229.0,-539.071,0.0
chicago,generous,1,2297,proportional,5526649.0,0.0,84.352
chicago,generous,1,2297,point_greedy/fixed_index,8141179.0,-47.308,76.95
chicago,generous,1,2297,point_greedy/random_mean,7306764.45,-32.21,79.312
chicago,generous,1,2297,point_greedy/random_min,7289726.0,-31.901,79.36
chicago,generous,1,2297,point_greedy/random_max,7328254.0,-32.599,79.251
chicago,generous,1,2297,point_greedy/proportional_unmet,5527064.0,-0.008,84.351
chicago,generous,1,2297,median_arm/fixed_index,8105502.0,-46.662,77.051
chicago,generous,1,2297,implied_mean_arm/fixed_index,8716655.0,-57.72,75.32
chicago,generous,1,2297,quantile_full,5761861.0,-4.256,83.686
chicago,generous,1,2297,quantile_full_conformal,5675455.0,-2.693,83.931
chicago,scarce,5,292,uniform,46752153.0,-27.112,0.0
chicago,scarce,5,292,proportional,36780423.0,0.0,21.329
chicago,scarce,5,292,point_greedy/fixed_index,38611851.0,-4.979,17.412
chicago,scarce,5,292,point_greedy/random_mean,37797229.6,-2.765,19.154
chicago,scarce,5,292,point_greedy/random_min,37747296.0,-2.629,19.261
chicago,scarce,5,292,point_greedy/random_max,37836656.0,-2.872,19.07
chicago,scarce,5,292,point_greedy/proportional_unmet,36780423.0,0.0,21.329
chicago,scarce,5,292,median_arm/fixed_index,38629199.0,-5.027,17.375
chicago,scarce,5,292,implied_mean_arm/fixed_index,39147744.0,-6.436,16.265
chicago,scarce,5,292,quantile_full,36921094.0,-0.382,21.028
chicago,scarce,5,292,quantile_full_conformal,36848053.0,-0.184,21.184
chicago,moderate,5,376,uniform,40381601.0,-94.84,0.0
chicago,moderate,5,376,proportional,20725503.0,0.0,48.676
chicago,moderate,5,376,point_greedy/fixed_index,23099183.0,-11.453,42.798
chicago,moderate,5,376,point_greedy/random_mean,22393437.05,-8.048,44.545
chicago,moderate,5,376,point_greedy/random_min,22365905.0,-7.915,44.614
chicago,moderate,5,376,point_greedy/random_max,22434406.0,-8.245,44.444
chicago,moderate,5,376,point_greedy/proportional_unmet,20725503.0,0.0,48.676
chicago,moderate,5,376,median_arm/fixed_index,23106862.0,-11.49,42.779
chicago,moderate,5,376,implied_mean_arm/fixed_index,23625659.0,-13.993,41.494
chicago,moderate,5,376,quantile_full,20923686.0,-0.956,48.185
chicago,moderate,5,376,quantile_full_conformal,20836155.0,-0.534,48.402
chicago,generous,5,459,uniform,35543748.0,-536.944,0.0
chicago,generous,5,459,proportional,5580355.0,0.0,84.3
chicago,generous,5,459,point_greedy/fixed_index,8052418.0,-44.299,77.345
chicago,generous,5,459,point_greedy/random_mean,7220537.45,-29.392,79.685
chicago,generous,5,459,point_greedy/random_min,7197401.0,-28.977,79.751
chicago,generous,5,459,point_greedy/random_max,7255538.0,-30.019,79.587
chicago,generous,5,459,point_greedy/proportional_unmet,5580254.0,0.002,84.3
chicago,generous,5,459,median_arm/fixed_index,8016704.0,-43.659,77.446
chicago,generous,5,459,implied_mean_arm/fixed_index,8603527.0,-54.175,75.795
chicago,generous,5,459,quantile_full,5794370.0,-3.835,83.698
chicago,generous,5,459,quantile_full_conformal,5720949.0,-2.519,83.904
chicago,scarce,10,146,uniform,46562699.0,-26.596,0.0
chicago,scarce,10,146,proportional,36780423.0,0.0,21.009
chicago,scarce,10,146,point_greedy/fixed_index,38464308.0,-4.578,17.392
chicago,scarce,10,146,point_greedy/random_mean,37668472.35,-2.414,19.102
chicago,scarce,10,146,point_greedy/random_min,37634732.0,-2.323,19.174
chicago,scarce,10,146,point_greedy/random_max,37710780.0,-2.529,19.011
chicago,scarce,10,146,point_greedy/proportional_unmet,36780423.0,0.0,21.009
chicago,scarce,10,146,median_arm/fixed_index,38469921.0,-4.593,17.38
chicago,scarce,10,146,implied_mean_arm/fixed_index,38983274.0,-5.989,16.278
chicago,scarce,10,146,quantile_full,36903494.0,-0.335,20.745
chicago,scarce,10,146,quantile_full_conformal,36839164.0,-0.16,20.883
chicago,moderate,10,188,uniform,40190981.0,-93.92,0.0
chicago,moderate,10,188,proportional,20725503.0,0.0,48.432
chicago,moderate,10,188,point_greedy/fixed_index,22944370.0,-10.706,42.912
chicago,moderate,10,188,point_greedy/random_mean,22217278.75,-7.198,44.721
chicago,moderate,10,188,point_greedy/random_min,22181807.0,-7.027,44.809
chicago,moderate,10,188,point_greedy/random_max,22304121.0,-7.617,44.505
chicago,moderate,10,188,point_greedy/proportional_unmet,20725503.0,0.0,48.432
chicago,moderate,10,188,median_arm/fixed_index,22940241.0,-10.686,42.922
chicago,moderate,10,188,implied_mean_arm/fixed_index,23452303.0,-13.157,41.648
chicago,moderate,10,188,quantile_full,20903076.0,-0.857,47.991
chicago,moderate,10,188,quantile_full_conformal,20826463.0,-0.487,48.181
chicago,generous,10,230,uniform,35161654.0,-545.538,0.0
chicago,generous,10,230,proportional,5446872.0,0.0,84.509
chicago,generous,10,230,point_greedy/fixed_index,7716109.0,-41.661,78.055
chicago,generous,10,230,point_greedy/random_mean,6915976.9,-26.972,80.331
chicago,generous,10,230,point_greedy/random_min,6878326.0,-26.28,80.438
chicago,generous,10,230,point_greedy/random_max,6952306.0,-27.639,80.228
chicago,generous,10,230,point_greedy/proportional_unmet,5447511.0,-0.012,84.507
chicago,generous,10,230,median_arm/fixed_index,7681052.0,-41.018,78.155
chicago,generous,10,230,implied_mean_arm/fixed_index,8219204.0,-50.898,76.625
chicago,generous,10,230,quantile_full,5644380.0,-3.626,83.947
chicago,generous,10,230,quantile_full_conformal,5578821.0,-2.422,84.134
chicago,scarce,25,58,uniform,47724239.0,-28.42,0.0
chicago,scarce,25,58,proportional,37162683.0,0.0,22.13
chicago,scarce,25,58,point_greedy/fixed_index,38481929.0,-3.55,19.366
chicago,scarce,25,58,point_greedy/random_mean,37721364.8,-1.503,20.96
chicago,scarce,25,58,point_greedy/random_min,37685677.0,-1.407,21.035
chicago,scarce,25,58,point_greedy/random_max,37770340.0,-1.635,20.857
chicago,scarce,25,58,point_greedy/proportional_unmet,37162683.0,0.0,22.13
chicago,scarce,25,58,median_arm/fixed_index,38489620.0,-3.571,19.35
chicago,scarce,25,58,implied_mean_arm/fixed_index,38912602.0,-4.709,18.464
chicago,scarce,25,58,quantile_full,37226257.0,-0.171,21.997
chicago,scarce,25,58,quantile_full_conformal,37207088.0,-0.119,22.037
chicago,moderate,25,75,uniform,40705767.0,-94.61,0.0
chicago,moderate,25,75,proportional,20916633.0,0.0,48.615
chicago,moderate,25,75,point_greedy/fixed_index,22732766.0,-8.683,44.153
chicago,moderate,25,75,point_greedy/random_mean,21953679.45,-4.958,46.067
chicago,moderate,25,75,point_greedy/random_min,21918705.0,-4.791,46.153
chicago,moderate,25,75,point_greedy/random_max,22012955.0,-5.241,45.922
chicago,moderate,25,75,point_greedy/proportional_unmet,20916633.0,0.0,48.615
chicago,moderate,25,75,median_arm/fixed_index,22724760.0,-8.644,44.173
chicago,moderate,25,75,implied_mean_arm/fixed_index,23184144.0,-10.841,43.045
chicago,moderate,25,75,quantile_full,21034374.0,-0.563,48.326
chicago,moderate,25,75,quantile_full_conformal,21004253.0,-0.419,48.4
chicago,generous,25,92,uniform,35556279.0,-552.759,0.0
chicago,generous,25,92,proportional,5447080.0,0.0,84.68
chicago,generous,25,92,point_greedy/fixed_index,7336733.0,-34.691,79.366
chicago,generous,25,92,point_greedy/random_mean,6535145.45,-19.975,81.62
chicago,generous,25,92,point_greedy/random_min,6499529.0,-19.321,81.72
chicago,generous,25,92,point_greedy/random_max,6603998.0,-21.239,81.427
chicago,generous,25,92,point_greedy/proportional_unmet,5447722.0,-0.012,84.679
chicago,generous,25,92,median_arm/fixed_index,7303659.0,-34.084,79.459
chicago,generous,25,92,implied_mean_arm/fixed_index,7710753.0,-41.558,78.314
chicago,generous,25,92,quantile_full,5592822.0,-2.676,84.271
chicago,generous,25,92,quantile_full_conformal,5564308.0,-2.152,84.351
chicago,scarce,50,29,uniform,47723755.0,-28.418,0.0
chicago,scarce,50,29,proportional,37162683.0,0.0,22.13
chicago,scarce,50,29,point_greedy/fixed_index,38101878.0,-2.527,20.162
chicago,scarce,50,29,point_greedy/random_mean,37489711.1,-0.88,21.444
chicago,scarce,50,29,point_greedy/random_min,37415038.0,-0.679,21.601
chicago,scarce,50,29,point_greedy/random_max,37541000.0,-1.018,21.337
chicago,scarce,50,29,point_greedy/proportional_unmet,37162683.0,0.0,22.13
chicago,scarce,50,29,median_arm/fixed_index,38156350.0,-2.674,20.047
chicago,scarce,50,29,implied_mean_arm/fixed_index,38487311.0,-3.564,19.354
chicago,scarce,50,29,quantile_full,37208413.0,-0.123,22.034
chicago,scarce,50,29,quantile_full_conformal,37183378.0,-0.056,22.086
chicago,moderate,50,38,uniform,41456191.0,-107.634,0.0
chicago,moderate,50,38,proportional,19965951.0,0.0,51.838
chicago,moderate,50,38,point_greedy/fixed_index,21402749.0,-7.196,48.373
chicago,moderate,50,38,point_greedy/random_mean,20640239.4,-3.377,50.212
chicago,moderate,50,38,point_greedy/random_min,20580566.0,-3.078,50.356
chicago,moderate,50,38,point_greedy/random_max,20730038.0,-3.827,49.995
chicago,moderate,50,38,point_greedy/proportional_unmet,19960983.0,0.025,51.85
chicago,moderate,50,38,median_arm/fixed_index,21436989.0,-7.368,48.29
chicago,moderate,50,38,implied_mean_arm/fixed_index,21765124.0,-9.011,47.498
chicago,moderate,50,38,quantile_full,20087932.0,-0.611,51.544
chicago,moderate,50,38,quantile_full_conformal,20040119.0,-0.371,51.66
chicago,generous,50,46,uniform,37425429.0,-586.531,0.0
chicago,generous,50,46,proportional,5451379.0,0.0,85.434
chicago,generous,50,46,point_greedy/fixed_index,6920807.0,-26.955,81.508
chicago,generous,50,46,point_greedy/random_mean,6158753.25,-12.976,83.544
chicago,generous,50,46,point_greedy/random_min,6105244.0,-11.994,83.687
chicago,generous,50,46,point_greedy/random_max,6255271.0,-14.747,83.286
chicago,generous,50,46,point_greedy/proportional_unmet,5447834.0,0.065,85.443
chicago,generous,50,46,median_arm/fixed_index,6917110.0,-26.887,81.518
chicago,generous,50,46,implied_mean_arm/fixed_index,7230677.0,-32.639,80.68
chicago,generous,50,46,quantile_full,5561653.0,-2.023,85.139
chicago,generous,50,46,quantile_full_conformal,5546422.0,-1.743,85.18
chicago,scarce,100,15,uniform,47723440.0,-35.38,0.0
chicago,scarce,100,15,proportional,35251383.0,0.0,26.134
chicago,scarce,100,15,point_greedy/fixed_index,35914908.0,-1.882,24.744
chicago,scarce,100,15,point_greedy/random_mean,35421093.95,-0.481,25.778
chicago,scarce,100,15,point_greedy/random_min,35375974.0,-0.353,25.873
chicago,scarce,100,15,point_greedy/random_max,35463836.0,-0.603,25.689
chicago,scarce,100,15,point_greedy/proportional_unmet,35251383.0,0.0,26.134
chicago,scarce,100,15,median_arm/fixed_index,35890619.0,-1.813,24.795
chicago,scarce,100,15,implied_mean_arm/fixed_index,36145785.0,-2.537,24.26
chicago,scarce,100,15,quantile_full,35264244.0,-0.036,26.107
chicago,scarce,100,15,quantile_full_conformal,35260622.0,-0.026,26.115
chicago,moderate,100,19,uniform,41436542.0,-107.588,0.0
chicago,moderate,100,19,proportional,19960983.0,0.0,51.828
chicago,moderate,100,19,point_greedy/fixed_index,20991191.0,-5.161,49.341
chicago,moderate,100,19,point_greedy/random_mean,20366342.15,-2.031,50.849
chicago,moderate,100,19,point_greedy/random_min,20286046.0,-1.628,51.043
chicago,moderate,100,19,point_greedy/random_max,20429776.0,-2.349,50.696
chicago,moderate,100,19,point_greedy/proportional_unmet,19960983.0,0.0,51.828
chicago,moderate,100,19,median_arm/fixed_index,20970912.0,-5.06,49.39
chicago,moderate,100,19,implied_mean_arm/fixed_index,21219288.0,-6.304,48.791
chicago,moderate,100,19,quantile_full,20033336.0,-0.362,51.653
chicago,moderate,100,19,quantile_full_conformal,19999765.0,-0.194,51.734
chicago,generous,100,23,uniform,37596793.0,-590.045,0.0
chicago,generous,100,23,proportional,5448456.0,0.0,85.508
chicago,generous,100,23,point_greedy/fixed_index,6486728.0,-19.056,82.747
chicago,generous,100,23,point_greedy/random_mean,5894563.9,-8.188,84.322
chicago,generous,100,23,point_greedy/random_min,5825112.0,-6.913,84.506
chicago,generous,100,23,point_greedy/random_max,6035496.0,-10.774,83.947
chicago,generous,100,23,point_greedy/proportional_unmet,5448633.0,-0.003,85.508
chicago,generous,100,23,median_arm/fixed_index,6499624.0,-19.293,82.712
chicago,generous,100,23,implied_mean_arm/fixed_index,6682877.0,-22.656,82.225
chicago,generous,100,23,quantile_full,5518233.0,-1.281,85.323
chicago,generous,100,23,quantile_full_conformal,5503947.0,-1.018,85.361
nyc,scarce,1,5961,uniform,190908349.0,-31.115,0.0
nyc,scarce,1,5961,proportional,145604195.0,0.0,23.731
nyc,scarce,1,5961,point_greedy/fixed_index,155532420.0,-6.819,18.53
nyc,scarce,1,5961,point_greedy/random_mean,148670396.4,-2.106,22.125
nyc,scarce,1,5961,point_greedy/random_min,148608713.0,-2.063,22.157
nyc,scarce,1,5961,point_greedy/random_max,148727994.0,-2.145,22.095
nyc,scarce,1,5961,point_greedy/proportional_unmet,145604195.0,0.0,23.731
nyc,scarce,1,5961,median_arm/fixed_index,156118766.0,-7.221,18.223
nyc,scarce,1,5961,implied_mean_arm/fixed_index,157631115.0,-8.26,17.431
nyc,scarce,1,5961,quantile_full,146811903.0,-0.829,23.098
nyc,scarce,1,5961,quantile_full_conformal,146561633.0,-0.658,23.229
nyc,moderate,1,7665,uniform,159975700.0,-98.809,0.0
nyc,moderate,1,7665,proportional,80467091.0,0.0,49.7
nyc,moderate,1,7665,point_greedy/fixed_index,93175754.0,-15.794,41.756
nyc,moderate,1,7665,point_greedy/random_mean,85065900.45,-5.715,46.826
nyc,moderate,1,7665,point_greedy/random_min,85040502.0,-5.684,46.842
nyc,moderate,1,7665,point_greedy/random_max,85101545.0,-5.759,46.803
nyc,moderate,1,7665,point_greedy/proportional_unmet,80494967.0,-0.035,49.683
nyc,moderate,1,7665,median_arm/fixed_index,93922644.0,-16.722,41.289
nyc,moderate,1,7665,implied_mean_arm/fixed_index,95744465.0,-18.986,40.151
nyc,moderate,1,7665,quantile_full,81967627.0,-1.865,48.762
nyc,moderate,1,7665,quantile_full_conformal,81633989.0,-1.45,48.971
nyc,generous,1,9368,uniform,135130385.0,-694.085,0.0
nyc,generous,1,9368,proportional,17017116.0,0.0,87.407
nyc,generous,1,9368,point_greedy/fixed_index,29304438.0,-72.206,78.314
nyc,generous,1,9368,point_greedy/random_mean,22756495.1,-33.727,83.16
nyc,generous,1,9368,point_greedy/random_min,22716114.0,-33.49,83.189
nyc,generous,1,9368,point_greedy/random_max,22806406.0,-34.02,83.123
nyc,generous,1,9368,point_greedy/proportional_unmet,17019950.0,-0.017,87.405
nyc,generous,1,9368,median_arm/fixed_index,30074128.0,-76.729,77.744
nyc,generous,1,9368,implied_mean_arm/fixed_index,31876493.0,-87.32,76.411
nyc,generous,1,9368,quantile_full,18555655.0,-9.041,86.268
nyc,generous,1,9368,quantile_full_conformal,18233238.0,-7.146,86.507
nyc,scarce,5,1192,uniform,190946575.0,-31.106,0.0
nyc,scarce,5,1192,proportional,145642421.0,0.0,23.726
nyc,scarce,5,1192,point_greedy/fixed_index,155433147.0,-6.722,18.599
nyc,scarce,5,1192,point_greedy/random_mean,148546237.75,-1.994,22.205
nyc,scarce,5,1192,point_greedy/random_min,148448150.0,-1.926,22.257
nyc,scarce,5,1192,point_greedy/random_max,148635546.0,-2.055,22.159
nyc,scarce,5,1192,point_greedy/proportional_unmet,145642421.0,0.0,23.726
nyc,scarce,5,1192,median_arm/fixed_index,156008199.0,-7.117,18.297
nyc,scarce,5,1192,implied_mean_arm/fixed_index,157543099.0,-8.171,17.494
nyc,scarce,5,1192,quantile_full,146819932.0,-0.808,23.109
nyc,scarce,5,1192,quantile_full_conformal,146579769.0,-0.644,23.235
nyc,moderate,5,1533,uniform,160007656.0,-98.849,0.0
nyc,moderate,5,1533,proportional,80467091.0,0.0,49.71
nyc,moderate,5,1533,point_greedy/fixed_index,92974908.0,-15.544,41.893
nyc,moderate,5,1533,point_greedy/random_mean,84888391.2,-5.495,46.947
nyc,moderate,5,1533,point_greedy/random_min,84841989.0,-5.437,46.976
nyc,moderate,5,1533,point_greedy/random_max,84925382.0,-5.541,46.924
nyc,moderate,5,1533,point_greedy/proportional_unmet,80494691.0,-0.034,49.693
nyc,moderate,5,1533,median_arm/fixed_index,93698382.0,-16.443,41.441
nyc,moderate,5,1533,implied_mean_arm/fixed_index,95525253.0,-18.713,40.3
nyc,moderate,5,1533,quantile_full,81928500.0,-1.816,48.797
nyc,moderate,5,1533,quantile_full_conformal,81610108.0,-1.42,48.996
nyc,generous,5,1874,uniform,134862870.0,-695.499,0.0
nyc,generous,5,1874,proportional,16953246.0,0.0,87.429
nyc,generous,5,1874,point_greedy/fixed_index,29037967.0,-71.283,78.469
nyc,generous,5,1874,point_greedy/random_mean,22524010.5,-32.86,83.299
nyc,generous,5,1874,point_greedy/random_min,22450717.0,-32.427,83.353
nyc,generous,5,1874,point_greedy/random_max,22605799.0,-33.342,83.238
nyc,generous,5,1874,point_greedy/proportional_unmet,16953552.0,-0.002,87.429
nyc,generous,5,1874,median_arm/fixed_index,29778580.0,-75.651,77.919
nyc,generous,5,1874,implied_mean_arm/fixed_index,31583128.0,-86.295,76.581
nyc,generous,5,1874,quantile_full,18452382.0,-8.843,86.318
nyc,generous,5,1874,quantile_full_conformal,18142352.0,-7.014,86.548
nyc,scarce,10,596,uniform,190944930.0,-31.105,0.0
nyc,scarce,10,596,proportional,145642421.0,0.0,23.725
nyc,scarce,10,596,point_greedy/fixed_index,155277209.0,-6.615,18.68
nyc,scarce,10,596,point_greedy/random_mean,148389460.4,-1.886,22.287
nyc,scarce,10,596,point_greedy/random_min,148317519.0,-1.837,22.324
nyc,scarce,10,596,point_greedy/random_max,148492410.0,-1.957,22.233
nyc,scarce,10,596,point_greedy/proportional_unmet,145642421.0,0.0,23.725
nyc,scarce,10,596,median_arm/fixed_index,155830187.0,-6.995,18.39
nyc,scarce,10,596,implied_mean_arm/fixed_index,157364546.0,-8.049,17.586
nyc,scarce,10,596,quantile_full,146785907.0,-0.785,23.127
nyc,scarce,10,596,quantile_full_conformal,146555072.0,-0.627,23.247
nyc,moderate,10,766,uniform,160145738.0,-98.549,0.0
nyc,moderate,10,766,proportional,80658221.0,0.0,49.634
nyc,moderate,10,766,point_greedy/fixed_index,92921424.0,-15.204,41.977
nyc,moderate,10,766,point_greedy/random_mean,84887012.4,-5.243,46.994
nyc,moderate,10,766,point_greedy/random_min,84827996.0,-5.17,47.031
nyc,moderate,10,766,point_greedy/random_max,84943297.0,-5.313,46.959
nyc,moderate,10,766,point_greedy/proportional_unmet,80685821.0,-0.034,49.617
nyc,moderate,10,766,median_arm/fixed_index,93616917.0,-16.066,41.543
nyc,moderate,10,766,implied_mean_arm/fixed_index,95436626.0,-18.322,40.406
nyc,moderate,10,766,quantile_full,82073434.0,-1.755,48.751
nyc,moderate,10,766,quantile_full_conformal,81767279.0,-1.375,48.942
nyc,generous,10,937,uniform,134862870.0,-695.554,0.0
nyc,generous,10,937,proportional,16952060.0,0.0,87.43
nyc,generous,10,937,point_greedy/fixed_index,28793756.0,-69.854,78.65
nyc,generous,10,937,point_greedy/random_mean,22355210.4,-31.873,83.424
nyc,generous,10,937,point_greedy/random_min,22250461.0,-31.255,83.501
nyc,generous,10,937,point_greedy/random_max,22494358.0,-32.694,83.321
nyc,generous,10,937,point_greedy/proportional_unmet,16953452.0,-0.008,87.429
nyc,generous,10,937,median_arm/fixed_index,29504898.0,-74.049,78.122
nyc,generous,10,937,implied_mean_arm/fixed_index,31304016.0,-84.662,76.788
nyc,generous,10,937,quantile_full,18408264.0,-8.59,86.35
nyc,generous,10,937,quantile_full_conformal,18110237.0,-6.832,86.571
nyc,scarce,25,238,uniform,191137612.0,-30.894,0.0
nyc,scarce,25,238,proportional,146024681.0,0.0,23.602
nyc,scarce,25,238,point_greedy/fixed_index,155116689.0,-6.226,18.846
nyc,scarce,25,238,point_greedy/random_mean,148248149.1,-1.523,22.439
nyc,scarce,25,238,point_greedy/random_min,148151762.0,-1.457,22.489
nyc,scarce,25,238,point_greedy/random_max,148318037.0,-1.571,22.402
nyc,scarce,25,238,point_greedy/proportional_unmet,146024681.0,0.0,23.602
nyc,scarce,25,238,median_arm/fixed_index,155732632.0,-6.648,18.523
nyc,scarce,25,238,implied_mean_arm/fixed_index,157192522.0,-7.648,17.76
nyc,scarce,25,238,quantile_full,147079991.0,-0.723,23.05
nyc,scarce,25,238,quantile_full_conformal,146877451.0,-0.584,23.156
nyc,moderate,25,307,uniform,159106556.0,-98.673,0.0
nyc,moderate,25,307,proportional,80084831.0,0.0,49.666
nyc,moderate,25,307,point_greedy/fixed_index,91577523.0,-14.351,42.443
nyc,moderate,25,307,point_greedy/random_mean,83713818.95,-4.531,47.385
nyc,moderate,25,307,point_greedy/random_min,83629767.0,-4.426,47.438
nyc,moderate,25,307,point_greedy/random_max,83824952.0,-4.67,47.315
nyc,moderate,25,307,point_greedy/proportional_unmet,80116571.0,-0.04,49.646
nyc,moderate,25,307,median_arm/fixed_index,92343657.0,-15.307,41.961
nyc,moderate,25,307,implied_mean_arm/fixed_index,94097089.0,-17.497,40.859
nyc,moderate,25,307,quantile_full,81381806.0,-1.62,48.851
nyc,moderate,25,307,quantile_full_conformal,81129795.0,-1.305,49.009
nyc,generous,25,375,uniform,134671436.0,-702.021,0.0
nyc,generous,25,375,proportional,16791507.0,0.0,87.532
nyc,generous,25,375,point_greedy/fixed_index,27954383.0,-66.479,79.243
nyc,generous,25,375,point_greedy/random_mean,21570973.65,-28.464,83.983
nyc,generous,25,375,point_greedy/random_min,21449850.0,-27.742,84.072
nyc,generous,25,375,point_greedy/random_max,21728000.0,-29.399,83.866
nyc,generous,25,375,point_greedy/proportional_unmet,16790144.0,0.008,87.533
nyc,generous,25,375,median_arm/fixed_index,28706091.0,-70.956,78.684
nyc,generous,25,375,implied_mean_arm/fixed_index,30343421.0,-80.707,77.469
nyc,generous,25,375,quantile_full,18120123.0,-7.912,86.545
nyc,generous,25,375,quantile_full_conformal,17868156.0,-6.412,86.732
nyc,scarce,50,119,uniform,190188344.0,-30.244,0.0
nyc,scarce,50,119,proportional,146024681.0,0.0,23.221
nyc,scarce,50,119,point_greedy/fixed_index,154437576.0,-5.761,18.798
nyc,scarce,50,119,point_greedy/random_mean,147729935.8,-1.168,22.324
nyc,scarce,50,119,point_greedy/random_min,147612693.0,-1.087,22.386
nyc,scarce,50,119,point_greedy/random_max,147866545.0,-1.261,22.253
nyc,scarce,50,119,point_greedy/proportional_unmet,146024681.0,0.0,23.221
nyc,scarce,50,119,median_arm/fixed_index,155038277.0,-6.173,18.482
nyc,scarce,50,119,implied_mean_arm/fixed_index,156441739.0,-7.134,17.744
nyc,scarce,50,119,quantile_full,146938634.0,-0.626,22.74
nyc,scarce,50,119,quantile_full_conformal,146813066.0,-0.54,22.806
nyc,moderate,50,153,uniform,159106556.0,-96.33,0.0
nyc,moderate,50,153,proportional,81040481.0,0.0,49.065
nyc,moderate,50,153,point_greedy/fixed_index,91571785.0,-12.995,42.446
nyc,moderate,50,153,point_greedy/random_mean,83961015.85,-3.604,47.23
nyc,moderate,50,153,point_greedy/random_min,83862442.0,-3.482,47.292
nyc,moderate,50,153,point_greedy/random_max,84063599.0,-3.73,47.165
nyc,moderate,50,153,point_greedy/proportional_unmet,81065321.0,-0.031,49.05
nyc,moderate,50,153,median_arm/fixed_index,92286377.0,-13.877,41.997
nyc,moderate,50,153,implied_mean_arm/fixed_index,93992212.0,-15.982,40.925
nyc,moderate,50,153,quantile_full,82149267.0,-1.368,48.368
nyc,moderate,50,153,quantile_full_conformal,81984117.0,-1.164,48.472
nyc,generous,50,187,uniform,133717691.0,-659.371,0.0
nyc,generous,50,187,proportional,17608997.0,0.0,86.831
nyc,generous,50,187,point_greedy/fixed_index,27875499.0,-58.303,79.153
nyc,generous,50,187,point_greedy/random_mean,21642749.5,-22.907,83.815
nyc,generous,50,187,point_greedy/random_min,21488832.0,-22.033,83.93
nyc,generous,50,187,point_greedy/random_max,21857103.0,-24.125,83.654
nyc,generous,50,187,point_greedy/proportional_unmet,17607812.0,0.007,86.832
nyc,generous,50,187,median_arm/fixed_index,28593828.0,-62.382,78.616
nyc,generous,50,187,implied_mean_arm/fixed_index,30175303.0,-71.363,77.434
nyc,generous,50,187,quantile_full,18748666.0,-6.472,85.979
nyc,generous,50,187,quantile_full_conformal,18583257.0,-5.533,86.103
nyc,scarce,100,60,uniform,190179260.0,-31.965,0.0
nyc,scarce,100,60,proportional,144113381.0,0.0,24.222
nyc,scarce,100,60,point_greedy/fixed_index,151421532.0,-5.071,20.38
nyc,scarce,100,60,point_greedy/random_mean,145173763.95,-0.736,23.665
nyc,scarce,100,60,point_greedy/random_min,145019416.0,-0.629,23.746
nyc,scarce,100,60,point_greedy/random_max,145324823.0,-0.841,23.585
nyc,scarce,100,60,point_greedy/proportional_unmet,144113381.0,0.0,24.222
nyc,scarce,100,60,median_arm/fixed_index,152030360.0,-5.494,20.059
nyc,scarce,100,60,implied_mean_arm/fixed_index,153228842.0,-6.325,19.429
nyc,scarce,100,60,quantile_full,144867083.0,-0.523,23.826
nyc,scarce,100,60,quantile_full_conformal,144792258.0,-0.471,23.865
nyc,moderate,100,77,uniform,159984405.0,-102.171,0.0
nyc,moderate,100,77,proportional,79133321.0,0.0,50.537
nyc,moderate,100,77,point_greedy/fixed_index,88179787.0,-11.432,44.882
nyc,moderate,100,77,point_greedy/random_mean,81094242.65,-2.478,49.311
nyc,moderate,100,77,point_greedy/random_min,80910586.0,-2.246,49.426
nyc,moderate,100,77,point_greedy/random_max,81340666.0,-2.789,49.157
nyc,moderate,100,77,point_greedy/proportional_unmet,79154021.0,-0.026,50.524
nyc,moderate,100,77,median_arm/fixed_index,88810209.0,-12.229,44.488
nyc,moderate,100,77,implied_mean_arm/fixed_index,90267548.0,-14.07,43.577
nyc,moderate,100,77,quantile_full,80064306.0,-1.176,49.955
nyc,moderate,100,77,quantile_full_conformal,79955429.0,-1.039,50.023
nyc,generous,100,94,uniform,135625957.0,-747.241,0.0
nyc,generous,100,94,proportional,16007958.0,0.0,88.197
nyc,generous,100,94,point_greedy/fixed_index,24749782.0,-54.609,81.751
nyc,generous,100,94,point_greedy/random_mean,19036059.9,-18.916,85.964
nyc,generous,100,94,point_greedy/random_min,18763219.0,-17.212,86.165
nyc,generous,100,94,point_greedy/random_max,19373237.0,-21.023,85.716
nyc,generous,100,94,point_greedy/proportional_unmet,15970269.0,0.235,88.225
nyc,generous,100,94,median_arm/fixed_index,25465268.0,-59.079,81.224
nyc,generous,100,94,implied_mean_arm/fixed_index,26760750.0,-67.172,80.269
nyc,generous,100,94,quantile_full,16954745.0,-5.914,87.499
nyc,generous,100,94,quantile_full_conformal,16837911.0,-5.185,87.585
sf,scarce,1,1289,uniform,56366568.0,-88.498,0.0
sf,scarce,1,1289,proportional,29903023.0,0.0,46.949
sf,scarce,1,1289,point_greedy/fixed_index,31556324.0,-5.529,44.016
sf,scarce,1,1289,point_greedy/random_mean,31194739.2,-4.32,44.657
sf,scarce,1,1289,point_greedy/random_min,31172627.0,-4.246,44.697
sf,scarce,1,1289,point_greedy/random_max,31211474.0,-4.376,44.628
sf,scarce,1,1289,point_greedy/proportional_unmet,29903023.0,0.0,46.949
sf,scarce,1,1289,median_arm/fixed_index,31666235.0,-5.896,43.821
sf,scarce,1,1289,implied_mean_arm/fixed_index,31735119.0,-6.127,43.699
sf,scarce,1,1289,quantile_full,30158788.0,-0.855,46.495
sf,scarce,1,1289,quantile_full_conformal,30115937.0,-0.712,46.571
sf,moderate,1,1657,uniform,52823530.0,-231.324,0.0
sf,moderate,1,1657,proportional,15943185.0,0.0,69.818
sf,moderate,1,1657,point_greedy/fixed_index,17596290.0,-10.369,66.689
sf,moderate,1,1657,point_greedy/random_mean,17607387.5,-10.438,66.668
sf,moderate,1,1657,point_greedy/random_min,17588682.0,-10.321,66.703
sf,moderate,1,1657,point_greedy/random_max,17623662.0,-10.54,66.637
sf,moderate,1,1657,point_greedy/proportional_unmet,15937423.0,0.036,69.829
sf,moderate,1,1657,median_arm/fixed_index,17700635.0,-11.023,66.491
sf,moderate,1,1657,implied_mean_arm/fixed_index,17769519.0,-11.455,66.361
sf,moderate,1,1657,quantile_full,16193188.0,-1.568,69.345
sf,moderate,1,1657,quantile_full_conformal,16150337.0,-1.299,69.426
sf,generous,1,2026,uniform,49331535.0,-1090.408,0.0
sf,generous,1,2026,proportional,4144085.0,0.0,91.6
sf,generous,1,2026,point_greedy/fixed_index,4916990.0,-18.651,90.033
sf,generous,1,2026,point_greedy/random_mean,4938608.3,-19.172,89.989
sf,generous,1,2026,point_greedy/random_min,4937942.0,-19.156,89.99
sf,generous,1,2026,point_greedy/random_max,4939434.0,-19.192,89.987
sf,generous,1,2026,point_greedy/proportional_unmet,4150425.0,-0.153,91.587
sf,generous,1,2026,median_arm/fixed_index,4999178.0,-20.634,89.866
sf,generous,1,2026,implied_mean_arm/fixed_index,5010670.0,-20.911,89.843
sf,generous,1,2026,quantile_full,4180081.0,-0.869,91.527
sf,generous,1,2026,quantile_full_conformal,4163047.0,-0.458,91.561
sf,scarce,5,258,uniform,56452786.0,-89.024,0.0
sf,scarce,5,258,proportional,29865348.0,0.0,47.097
sf,scarce,5,258,point_greedy/fixed_index,31353921.0,-4.984,44.46
sf,scarce,5,258,point_greedy/random_mean,30997820.6,-3.792,45.091
sf,scarce,5,258,point_greedy/random_min,30963383.0,-3.677,45.152
sf,scarce,5,258,point_greedy/random_max,31027139.0,-3.89,45.039
sf,scarce,5,258,point_greedy/proportional_unmet,29865073.0,0.001,47.097
sf,scarce,5,258,median_arm/fixed_index,31452500.0,-5.314,44.285
sf,scarce,5,258,implied_mean_arm/fixed_index,31507517.0,-5.499,44.188
sf,scarce,5,258,quantile_full,30100461.0,-0.787,46.68
sf,scarce,5,258,quantile_full_conformal,30066565.0,-0.674,46.74
sf,moderate,5,331,uniform,52975245.0,-230.724,0.0
sf,moderate,5,331,proportional,16017985.0,0.0,69.763
sf,moderate,5,331,point_greedy/fixed_index,17507015.0,-9.296,66.952
sf,moderate,5,331,point_greedy/random_mean,17487593.35,-9.175,66.989
sf,moderate,5,331,point_greedy/random_min,17442512.0,-8.893,67.074
sf,moderate,5,331,point_greedy/random_max,17517588.0,-9.362,66.933
sf,moderate,5,331,point_greedy/proportional_unmet,16013323.0,0.029,69.772
sf,moderate,5,331,median_arm/fixed_index,17600750.0,-9.881,66.776
sf,moderate,5,331,implied_mean_arm/fixed_index,17655767.0,-10.225,66.672
sf,moderate,5,331,quantile_full,16248711.0,-1.44,69.328
sf,moderate,5,331,quantile_full_conformal,16214815.0,-1.229,69.392
sf,generous,5,405,uniform,49559240.0,-1090.442,0.0
sf,generous,5,405,proportional,4163095.0,0.0,91.6
sf,generous,5,405,point_greedy/fixed_index,4845116.0,-16.383,90.224
sf,generous,5,405,point_greedy/random_mean,4853693.6,-16.589,90.206
sf,generous,5,405,point_greedy/random_min,4851624.0,-16.539,90.21
sf,generous,5,405,point_greedy/random_max,4856702.0,-16.661,90.2
sf,generous,5,405,point_greedy/proportional_unmet,4170184.0,-0.17,91.585
sf,generous,5,405,median_arm/fixed_index,4914029.0,-18.038,90.085
sf,generous,5,405,implied_mean_arm/fixed_index,4917234.0,-18.115,90.078
sf,generous,5,405,quantile_full,4191429.0,-0.681,91.543
sf,generous,5,405,quantile_full_conformal,4179355.0,-0.391,91.567
sf,scarce,10,129,uniform,56452791.0,-89.021,0.0
sf,scarce,10,129,proportional,29865898.0,0.0,47.096
sf,scarce,10,129,point_greedy/fixed_index,31193311.0,-4.445,44.744
sf,scarce,10,129,point_greedy/random_mean,30825442.75,-3.213,45.396
sf,scarce,10,129,point_greedy/random_min,30753256.0,-2.971,45.524
sf,scarce,10,129,point_greedy/random_max,30879420.0,-3.394,45.3
sf,scarce,10,129,point_greedy/proportional_unmet,29865073.0,0.003,47.097
sf,scarce,10,129,median_arm/fixed_index,31279640.0,-4.734,44.592
sf,scarce,10,129,implied_mean_arm/fixed_index,31329715.0,-4.901,44.503
sf,scarce,10,129,quantile_full,30078528.0,-0.712,46.719
sf,scarce,10,129,quantile_full_conformal,30058550.0,-0.645,46.755
sf,moderate,10,166,uniform,52975260.0,-234.688,0.0
sf,moderate,10,166,proportional,15828240.0,0.0,70.121
sf,moderate,10,166,point_greedy/fixed_index,17156655.0,-8.393,67.614
sf,moderate,10,166,point_greedy/random_mean,17128610.7,-8.216,67.667
sf,moderate,10,166,point_greedy/random_min,17074852.0,-7.876,67.768
sf,moderate,10,166,point_greedy/random_max,17169649.0,-8.475,67.589
sf,moderate,10,166,point_greedy/proportional_unmet,15823573.0,0.029,70.13
sf,moderate,10,166,median_arm/fixed_index,17238140.0,-8.907,67.46
sf,moderate,10,166,implied_mean_arm/fixed_index,17288215.0,-9.224,67.365
sf,moderate,10,166,quantile_full,16037028.0,-1.319,69.727
sf,moderate,10,166,quantile_full_conformal,16017050.0,-1.193,69.765
sf,generous,10,203,uniform,49559240.0,-1118.466,0.0
sf,generous,10,203,proportional,4067348.0,0.0,91.793
sf,generous,10,203,point_greedy/fixed_index,4638183.0,-14.035,90.641
sf,generous,10,203,point_greedy/random_mean,4636296.4,-13.988,90.645
sf,generous,10,203,point_greedy/random_min,4632477.0,-13.894,90.653
sf,generous,10,203,point_greedy/random_max,4638718.0,-14.048,90.64
sf,generous,10,203,point_greedy/proportional_unmet,4073437.0,-0.15,91.781
sf,generous,10,203,median_arm/fixed_index,4698148.0,-15.509,90.52
sf,generous,10,203,implied_mean_arm/fixed_index,4699614.0,-15.545,90.517
sf,generous,10,203,quantile_full,4088470.0,-0.519,91.75
sf,generous,10,203,quantile_full_conformal,4081915.0,-0.358,91.764
sf,scarce,25,52,uniform,57156187.0,-93.83,0.0
sf,scarce,25,52,proportional,29487773.0,0.0,48.408
sf,scarce,25,52,point_greedy/fixed_index,30548235.0,-3.596,46.553
sf,scarce,25,52,point_greedy/random_mean,30194455.0,-2.397,47.172
sf,scarce,25,52,point_greedy/random_min,30133361.0,-2.189,47.279
sf,scarce,25,52,point_greedy/random_max,30235654.0,-2.536,47.1
sf,scarce,25,52,point_greedy/proportional_unmet,29485573.0,0.007,48.412
sf,scarce,25,52,median_arm/fixed_index,30589534.0,-3.736,46.481
sf,scarce,25,52,implied_mean_arm/fixed_index,30660902.0,-3.978,46.356
sf,scarce,25,52,quantile_full,29670048.0,-0.618,48.09
sf,scarce,25,52,quantile_full_conformal,29660921.0,-0.587,48.105
sf,moderate,25,66,uniform,53355269.0,-229.074,0.0
sf,moderate,25,66,proportional,16213778.0,0.0,69.612
sf,moderate,25,66,point_greedy/fixed_index,17265749.0,-6.488,67.64
sf,moderate,25,66,point_greedy/random_mean,17198953.75,-6.076,67.765
sf,moderate,25,66,point_greedy/random_min,17141078.0,-5.719,67.874
sf,moderate,25,66,point_greedy/random_max,17255582.0,-6.425,67.659
sf,moderate,25,66,point_greedy/proportional_unmet,16203073.0,0.066,69.632
sf,moderate,25,66,median_arm/fixed_index,17307034.0,-6.743,67.563
sf,moderate,25,66,implied_mean_arm/fixed_index,17378402.0,-7.183,67.429
sf,moderate,25,66,quantile_full,16387548.0,-1.072,69.286
sf,moderate,25,66,quantile_full_conformal,16378421.0,-1.015,69.303
sf,generous,25,81,uniform,49559250.0,-1087.697,0.0
sf,generous,25,81,proportional,4172720.0,0.0,91.58
sf,generous,25,81,point_greedy/fixed_index,4613485.0,-10.563,90.691
sf,generous,25,81,point_greedy/random_mean,4602843.4,-10.308,90.712
sf,generous,25,81,point_greedy/random_min,4600292.0,-10.247,90.718
sf,generous,25,81,point_greedy/random_max,4608965.0,-10.455,90.7
sf,generous,25,81,point_greedy/proportional_unmet,4173187.0,-0.011,91.579
sf,generous,25,81,median_arm/fixed_index,4637576.0,-11.14,90.642
sf,generous,25,81,implied_mean_arm/fixed_index,4648016.0,-11.391,90.621
sf,generous,25,81,quantile_full,4176680.0,-0.095,91.572
sf,generous,25,81,quantile_full_conformal,4169146.0,0.086,91.588
sf,scarce,50,26,uniform,57455738.0,-94.815,0.0
sf,scarce,50,26,proportional,29492447.0,0.0,48.669
sf,scarce,50,26,point_greedy/fixed_index,30255010.0,-2.586,47.342
sf,scarce,50,26,point_greedy/random_mean,29899127.6,-1.379,47.961
sf,scarce,50,26,point_greedy/random_min,29853862.0,-1.225,48.04
sf,scarce,50,26,point_greedy/random_max,29982522.0,-1.662,47.816
sf,scarce,50,26,point_greedy/proportional_unmet,29485573.0,0.023,48.681
sf,scarce,50,26,median_arm/fixed_index,30337378.0,-2.865,47.199
sf,scarce,50,26,implied_mean_arm/fixed_index,30375874.0,-2.995,47.132
sf,scarce,50,26,quantile_full,29644860.0,-0.517,48.404
sf,scarce,50,26,quantile_full_conformal,29642224.0,-0.508,48.409
sf,moderate,50,33,uniform,53355269.0,-229.051,0.0
sf,moderate,50,33,proportional,16214879.0,0.0,69.61
sf,moderate,50,33,point_greedy/fixed_index,16972510.0,-4.672,68.19
sf,moderate,50,33,point_greedy/random_mean,16896598.05,-4.204,68.332
sf,moderate,50,33,point_greedy/random_min,16811354.0,-3.679,68.492
sf,moderate,50,33,point_greedy/random_max,16939251.0,-4.467,68.252
sf,moderate,50,33,point_greedy/proportional_unmet,16203073.0,0.073,69.632
sf,moderate,50,33,median_arm/fixed_index,17054878.0,-5.18,68.035
sf,moderate,50,33,implied_mean_arm/fixed_index,17093374.0,-5.418,67.963
sf,moderate,50,33,quantile_full,16362360.0,-0.91,69.333
sf,moderate,50,33,quantile_full_conformal,16359724.0,-0.893,69.338
sf,generous,50,41,uniform,49559250.0,-1231.168,0.0
sf,generous,50,41,proportional,3722991.0,0.0,92.488
sf,generous,50,41,point_greedy/fixed_index,3952068.0,-6.153,92.026
sf,generous,50,41,point_greedy/random_mean,3958368.3,-6.322,92.013
sf,generous,50,41,point_greedy/random_min,3951529.0,-6.139,92.027
sf,generous,50,41,point_greedy/random_max,3959924.0,-6.364,92.01
sf,generous,50,41,point_greedy/proportional_unmet,3693584.0,0.79,92.547
sf,generous,50,41,median_arm/fixed_index,3959845.0,-6.362,92.01
sf,generous,50,41,implied_mean_arm/fixed_index,3959463.0,-6.352,92.011
sf,generous,50,41,quantile_full,3693238.0,0.799,92.548
sf,generous,50,41,quantile_full_conformal,3690775.0,0.865,92.553
sf,scarce,100,13,uniform,60946540.0,-106.7,0.0
sf,scarce,100,13,proportional,29485573.0,0.0,51.621
sf,scarce,100,13,point_greedy/fixed_index,30019526.0,-1.811,50.744
sf,scarce,100,13,point_greedy/random_mean,29731846.85,-0.835,51.217
sf,scarce,100,13,point_greedy/random_min,29678782.0,-0.655,51.304
sf,scarce,100,13,point_greedy/random_max,29820043.0,-1.134,51.072
sf,scarce,100,13,point_greedy/proportional_unmet,29485573.0,0.0,51.621
sf,scarce,100,13,median_arm/fixed_index,29987764.0,-1.703,50.797
sf,scarce,100,13,implied_mean_arm/fixed_index,30015913.0,-1.799,50.75
sf,scarce,100,13,quantile_full,29623336.0,-0.467,51.395
sf,scarce,100,13,quantile_full_conformal,29616355.0,-0.444,51.406
sf,moderate,100,17,uniform,53355269.0,-272.256,0.0
sf,moderate,100,17,proportional,14332939.0,0.0,73.137
sf,moderate,100,17,point_greedy/fixed_index,14839526.0,-3.534,72.187
sf,moderate,100,17,point_greedy/random_mean,14766140.5,-3.022,72.325
sf,moderate,100,17,point_greedy/random_min,14658853.0,-2.274,72.526
sf,moderate,100,17,point_greedy/random_max,14841843.0,-3.551,72.183
sf,moderate,100,17,point_greedy/proportional_unmet,14308323.0,0.172,73.183
sf,moderate,100,17,median_arm/fixed_index,14807764.0,-3.313,72.247
sf,moderate,100,17,implied_mean_arm/fixed_index,14835913.0,-3.509,72.194
sf,moderate,100,17,quantile_full,14446086.0,-0.789,72.925
sf,moderate,100,17,quantile_full_conformal,14439105.0,-0.741,72.938
sf,generous,100,20,uniform,53354392.0,-1006.936,0.0
sf,generous,100,20,proportional,4820006.0,0.0,90.966
sf,generous,100,20,point_greedy/fixed_index,4929929.0,-2.281,90.76
sf,generous,100,20,point_greedy/random_mean,4924662.0,-2.171,90.77
sf,generous,100,20,point_greedy/random_min,4896170.0,-1.58,90.823
sf,generous,100,20,point_greedy/random_max,4933501.0,-2.355,90.753
sf,generous,100,20,point_greedy/proportional_unmet,4725634.0,1.958,91.143
sf,generous,100,20,median_arm/fixed_index,4871977.0,-1.078,90.869
sf,generous,100,20,implied_mean_arm/fixed_index,4901773.0,-1.696,90.813
sf,generous,100,20,quantile_full,4710789.0,2.266,91.171
sf,generous,100,20,quantile_full_conformal,4709318.0,2.296,91.174
