city,regime,units,policy,config,total_loss,pct_reduction_vs_uniform,final_carryover,served_fraction_other
austin,scarce,8,uniform,uniform,19977642.0,0.0,136216.0,0.294
austin,scarce,8,proportional,local/internal/naive_trailing7,16383102.0,17.993,108390.0,0.552
austin,scarce,8,greedy_ev_point,local/internal/naive_trailing7,17072599.0,14.541,113419.0,0.999
austin,scarce,8,proportional,local/internal/seasonal_naive7,16383102.0,17.993,108390.0,0.55
austin,scarce,8,greedy_ev_point,local/internal/seasonal_naive7,16810997.0,15.851,112054.0,1.0
austin,scarce,8,proportional,local/internal/ridge,16383102.0,17.993,108390.0,0.55
austin,scarce,8,greedy_ev_point,local/internal/ridge,16809451.0,15.859,112073.0,1.0
austin,scarce,8,proportional,local/internal/random_forest,16383102.0,17.993,108390.0,0.55
austin,scarce,8,greedy_ev_point,local/internal/random_forest,16626244.0,16.776,110481.0,1.0
austin,scarce,8,proportional,local/internal/lgbm_point,16383102.0,17.993,108390.0,0.55
austin,scarce,8,greedy_ev_point,local/internal/lgbm_point,16637661.0,16.719,110496.0,1.0
austin,scarce,8,proportional,local/calendar/random_forest,16383102.0,17.993,108390.0,0.55
austin,scarce,8,greedy_ev_point,local/calendar/random_forest,16580108.0,17.007,110196.0,1.0
austin,scarce,8,proportional,local/calendar/lgbm_point,16383102.0,17.993,108390.0,0.552
austin,scarce,8,greedy_ev_point,local/calendar/lgbm_point,16537604.0,17.219,109776.0,1.0
austin,scarce,8,proportional,local/calendar_weather/ridge,16383102.0,17.993,108390.0,0.55
austin,scarce,8,greedy_ev_point,local/calendar_weather/ridge,16929188.0,15.259,112511.0,1.0
austin,scarce,8,proportional,local/calendar_weather/random_forest,16383102.0,17.993,108390.0,0.55
austin,scarce,8,greedy_ev_point,local/calendar_weather/random_forest,16591515.0,16.95,110173.0,1.0
austin,scarce,8,proportional,local/calendar_weather/lgbm_point,16383102.0,17.993,108390.0,0.552
austin,scarce,8,greedy_ev_point,local/calendar_weather/lgbm_point,16555517.0,17.13,109927.0,1.0
austin,scarce,8,proportional,global/calendar_weather/lgbm_point,16383102.0,17.993,108390.0,0.552
austin,scarce,8,greedy_ev_point,global/calendar_weather/lgbm_point,16572872.0,17.043,110249.0,1.0
austin,scarce,8,greedy_ev_point,quantile/median_arm,16570052.0,17.057,110006.0,1.0
austin,scarce,8,greedy_ev_point,quantile/implied_mean_arm,16607397.0,16.87,110395.0,1.0
austin,scarce,8,greedy_ev_quantile,quantile/full_arm,16410288.0,17.857,108684.0,0.999
austin,moderate,11,uniform,uniform,17113888.0,0.0,114472.0,0.589
austin,moderate,11,proportional,local/internal/naive_trailing7,10653056.0,37.752,67004.0,0.691
austin,moderate,11,greedy_ev_point,local/internal/naive_trailing7,11597151.0,32.235,74556.0,0.999
austin,moderate,11,proportional,local/internal/seasonal_naive7,10655535.0,37.737,67013.0,0.691
austin,moderate,11,greedy_ev_point,local/internal/seasonal_naive7,11228812.0,34.388,72052.0,1.0
austin,moderate,11,proportional,local/internal/ridge,10651960.0,37.758,67000.0,0.691
austin,moderate,11,greedy_ev_point,local/internal/ridge,11351146.0,33.673,72939.0,1.0
austin,moderate,11,proportional,local/internal/random_forest,10651410.0,37.762,66998.0,0.691
austin,moderate,11,greedy_ev_point,local/internal/random_forest,10968827.0,35.907,70012.0,1.0
austin,moderate,11,proportional,local/internal/lgbm_point,10651410.0,37.762,66998.0,0.691
austin,moderate,11,greedy_ev_point,local/internal/lgbm_point,10972838.0,35.883,69959.0,1.0
austin,moderate,11,proportional,local/calendar/random_forest,10651410.0,37.762,66998.0,0.691
austin,moderate,11,greedy_ev_point,local/calendar/random_forest,10904231.0,36.284,69506.0,1.0
austin,moderate,11,proportional,local/calendar/lgbm_point,10651410.0,37.762,66998.0,0.691
austin,moderate,11,greedy_ev_point,local/calendar/lgbm_point,10840084.0,36.659,68815.0,1.0
austin,moderate,11,proportional,local/calendar_weather/ridge,10656928.0,37.729,67018.0,0.691
austin,moderate,11,greedy_ev_point,local/calendar_weather/ridge,11438030.0,33.165,73109.0,1.0
austin,moderate,11,proportional,local/calendar_weather/random_forest,10651410.0,37.762,66998.0,0.691
austin,moderate,11,greedy_ev_point,local/calendar_weather/random_forest,10911662.0,36.241,69457.0,1.0
austin,moderate,11,proportional,local/calendar_weather/lgbm_point,10651410.0,37.762,66998.0,0.691
austin,moderate,11,greedy_ev_point,local/calendar_weather/lgbm_point,10857743.0,36.556,68916.0,1.0
austin,moderate,11,proportional,global/calendar_weather/lgbm_point,10651410.0,37.762,66998.0,0.691
austin,moderate,11,greedy_ev_point,global/calendar_weather/lgbm_point,10869184.0,36.489,69174.0,1.0
austin,moderate,11,greedy_ev_point,quantile/median_arm,10865973.0,36.508,68987.0,1.0
austin,moderate,11,greedy_ev_point,quantile/implied_mean_arm,10920984.0,36.186,69568.0,1.0
austin,moderate,11,greedy_ev_quantile,quantile/full_arm,10679297.0,37.599,67347.0,0.999
austin,generous,13,uniform,uniform,17099914.0,0.0,114472.0,0.589
austin,generous,13,proportional,local/internal/naive_trailing7,6839549.0,60.002,39437.0,0.828
austin,generous,13,greedy_ev_point,local/internal/naive_trailing7,8579398.0,49.828,51906.0,0.999
austin,generous,13,proportional,local/internal/seasonal_naive7,6832935.0,60.041,39413.0,0.827
austin,generous,13,greedy_ev_point,local/internal/seasonal_naive7,7601464.0,55.547,46102.0,1.0
austin,generous,13,proportional,local/internal/ridge,6838453.0,60.009,39433.0,0.828
austin,generous,13,greedy_ev_point,local/internal/ridge,7945002.0,53.538,47942.0,1.0
austin,generous,13,proportional,local/internal/random_forest,6838453.0,60.009,39433.0,0.828
austin,generous,13,greedy_ev_point,local/internal/random_forest,7222243.0,57.764,43025.0,1.0
austin,generous,13,proportional,local/internal/lgbm_point,6838453.0,60.009,39433.0,0.828
austin,generous,13,greedy_ev_point,local/internal/lgbm_point,7232352.0,57.705,42859.0,1.0
austin,generous,13,proportional,local/calendar/random_forest,6838453.0,60.009,39433.0,0.827
austin,generous,13,greedy_ev_point,local/calendar/random_forest,7145438.0,58.214,42356.0,1.0
austin,generous,13,proportional,local/calendar/lgbm_point,6838453.0,60.009,39433.0,0.828
austin,generous,13,greedy_ev_point,local/calendar/lgbm_point,7045492.0,58.798,41377.0,1.0
austin,generous,13,proportional,local/calendar_weather/ridge,6838453.0,60.009,39433.0,0.828
austin,generous,13,greedy_ev_point,local/calendar_weather/ridge,8023352.0,53.08,48174.0,1.0
austin,generous,13,proportional,local/calendar_weather/random_forest,6838453.0,60.009,39433.0,0.827
austin,generous,13,greedy_ev_point,local/calendar_weather/random_forest,7155003.0,58.158,42357.0,1.0
austin,generous,13,proportional,local/calendar_weather/lgbm_point,6838453.0,60.009,39433.0,0.828
austin,generous,13,greedy_ev_point,local/calendar_weather/lgbm_point,7076314.0,58.618,41616.0,1.0
austin,generous,13,proportional,global/calendar_weather/lgbm_point,6838453.0,60.009,39433.0,0.828
austin,generous,13,greedy_ev_point,global/calendar_weather/lgbm_point,7085533.0,58.564,41928.0,1.0
austin,generous,13,greedy_ev_point,quantile/median_arm,7097634.0,58.493,41766.0,1.0
austin,generous,13,greedy_ev_point,quantile/implied_mean_arm,7145955.0,58.211,42381.0,1.0
austin,generous,13,greedy_ev_quantile,quantile/full_arm,6856849.0,59.901,39747.0,0.999
chicago,scarce,29,uniform,uniform,47723755.0,0.0,302482.0,1.0
chicago,scarce,29,proportional,local/internal/naive_trailing7,37167651.0,22.119,209786.0,0.647
chicago,scarce,29,greedy_ev_point,local/internal/naive_trailing7,40791454.0,14.526,232792.0,0.999
chicago,scarce,29,proportional,local/internal/seasonal_naive7,37188351.0,22.076,209861.0,0.647
chicago,scarce,29,greedy_ev_point,local/internal/seasonal_naive7,40023117.0,16.136,226820.0,0.999
chicago,scarce,29,proportional,local/internal/ridge,37167651.0,22.119,209786.0,0.648
chicago,scarce,29,greedy_ev_point,local/internal/ridge,39391761.0,17.459,223417.0,0.999
chicago,scarce,29,proportional,local/internal/random_forest,37162683.0,22.13,209768.0,0.648
chicago,scarce,29,greedy_ev_point,local/internal/random_forest,38898862.0,18.492,220614.0,0.999
chicago,scarce,29,proportional,local/internal/lgbm_point,37162683.0,22.13,209768.0,0.648
chicago,scarce,29,greedy_ev_point,local/internal/lgbm_point,38500764.0,19.326,218325.0,0.999
chicago,scarce,29,proportional,local/calendar/random_forest,37162683.0,22.13,209768.0,0.648
chicago,scarce,29,greedy_ev_point,local/calendar/random_forest,38847868.0,18.598,219574.0,0.999
chicago,scarce,29,proportional,local/calendar/lgbm_point,37162683.0,22.13,209768.0,0.648
chicago,scarce,29,greedy_ev_point,local/calendar/lgbm_point,38061505.0,20.246,215111.0,0.999
chicago,scarce,29,proportional,local/calendar_weather/ridge,37167651.0,22.119,209786.0,0.647
chicago,scarce,29,greedy_ev_point,local/calendar_weather/ridge,39562560.0,17.101,223793.0,0.999
chicago,scarce,29,proportional,local/calendar_weather/random_forest,37162683.0,22.13,209768.0,0.648
chicago,scarce,29,greedy_ev_point,local/calendar_weather/random_forest,38802847.0,18.693,219424.0,0.999
chicago,scarce,29,proportional,local/calendar_weather/lgbm_point,37162683.0,22.13,209768.0,0.648
chicago,scarce,29,greedy_ev_point,local/calendar_weather/lgbm_point,38101878.0,20.162,215361.0,0.999
chicago,scarce,29,proportional,global/calendar_weather/lgbm_point,37167651.0,22.119,209786.0,0.648
chicago,scarce,29,greedy_ev_point,global/calendar_weather/lgbm_point,38231078.0,19.891,216086.0,0.999
chicago,scarce,29,greedy_ev_point,quantile/median_arm,38156350.0,20.047,215552.0,0.999
chicago,scarce,29,greedy_ev_point,quantile/implied_mean_arm,38487311.0,19.354,217579.0,0.999
chicago,scarce,29,greedy_ev_quantile,quantile/full_arm,37208413.0,22.034,210125.0,0.998
chicago,moderate,38,uniform,uniform,41456191.0,0.0,264751.0,1.0
chicago,moderate,38,proportional,local/internal/naive_trailing7,19965951.0,51.838,85586.0,0.862
chicago,moderate,38,greedy_ev_point,local/internal/naive_trailing7,25271855.0,39.04,124857.0,0.999
chicago,moderate,38,proportional,local/internal/seasonal_naive7,20028051.0,51.689,85811.0,0.862
chicago,moderate,38,greedy_ev_point,local/internal/seasonal_naive7,23976512.0,42.164,113818.0,0.999
chicago,moderate,38,proportional,local/internal/ridge,19972851.0,51.822,85611.0,0.862
chicago,moderate,38,greedy_ev_point,local/internal/ridge,23073056.0,44.344,108815.0,0.999
chicago,moderate,38,proportional,local/internal/random_forest,19965951.0,51.838,85586.0,0.862
chicago,moderate,38,greedy_ev_point,local/internal/random_forest,22333771.0,46.127,104612.0,0.999
chicago,moderate,38,proportional,local/internal/lgbm_point,19965951.0,51.838,85586.0,0.861
chicago,moderate,38,greedy_ev_point,local/internal/lgbm_point,21848507.0,47.297,101623.0,0.999
chicago,moderate,38,proportional,local/calendar/random_forest,19965951.0,51.838,85586.0,0.862
chicago,moderate,38,greedy_ev_point,local/calendar/random_forest,22166476.0,46.53,102022.0,0.999
chicago,moderate,38,proportional,local/calendar/lgbm_point,19960983.0,51.85,85568.0,0.862
chicago,moderate,38,greedy_ev_point,local/calendar/lgbm_point,21303438.0,48.612,96109.0,0.999
chicago,moderate,38,proportional,local/calendar_weather/ridge,19972851.0,51.822,85611.0,0.862
chicago,moderate,38,greedy_ev_point,local/calendar_weather/ridge,23141765.0,44.178,107891.0,0.999
chicago,moderate,38,proportional,local/calendar_weather/random_forest,19965951.0,51.838,85586.0,0.862
chicago,moderate,38,greedy_ev_point,local/calendar_weather/random_forest,22108854.0,46.669,101572.0,0.999
chicago,moderate,38,proportional,local/calendar_weather/lgbm_point,19965951.0,51.838,85586.0,0.862
chicago,moderate,38,greedy_ev_point,local/calendar_weather/lgbm_point,21402749.0,48.373,96159.0,0.999
chicago,moderate,38,proportional,global/calendar_weather/lgbm_point,19965951.0,51.838,85586.0,0.862
chicago,moderate,38,greedy_ev_point,global/calendar_weather/lgbm_point,21338568.0,48.527,96034.0,0.999
chicago,moderate,38,greedy_ev_point,quantile/median_arm,21436989.0,48.29,96300.0,0.999
chicago,moderate,38,greedy_ev_point,quantile/implied_mean_arm,21765124.0,47.498,98877.0,0.999
chicago,moderate,38,greedy_ev_quantile,quantile/full_arm,20087932.0,51.544,86705.0,0.998
chicago,generous,46,uniform,uniform,37425429.0,0.0,237057.0,1.0
chicago,generous,46,proportional,local/internal/naive_trailing7,5470778.0,85.382,1174.0,0.998
chicago,generous,46,greedy_ev_point,local/internal/naive_trailing7,12561514.0,66.436,28897.0,0.999
chicago,generous,46,proportional,local/internal/seasonal_naive7,5519702.0,85.251,1037.0,0.998
chicago,generous,46,greedy_ev_point,local/internal/seasonal_naive7,9946810.0,73.422,11659.0,0.999
chicago,generous,46,proportional,local/internal/ridge,5466510.0,85.394,1063.0,0.998
chicago,generous,46,greedy_ev_point,local/internal/ridge,8752957.0,76.612,6272.0,0.999
chicago,generous,46,proportional,local/internal/random_forest,5457285.0,85.418,1124.0,0.998
chicago,generous,46,greedy_ev_point,local/internal/random_forest,7864104.0,78.987,1206.0,0.999
chicago,generous,46,proportional,local/internal/lgbm_point,5453029.0,85.43,1013.0,0.998
chicago,generous,46,greedy_ev_point,local/internal/lgbm_point,7321635.0,80.437,1223.0,0.999
chicago,generous,46,proportional,local/calendar/random_forest,5452609.0,85.431,1124.0,0.998
chicago,generous,46,greedy_ev_point,local/calendar/random_forest,7691500.0,79.448,1177.0,0.999
chicago,generous,46,proportional,local/calendar/lgbm_point,5452021.0,85.432,974.0,0.998
chicago,generous,46,greedy_ev_point,local/calendar/lgbm_point,6884001.0,81.606,1136.0,0.999
chicago,generous,46,proportional,local/calendar_weather/ridge,5485426.0,85.343,1185.0,0.998
chicago,generous,46,greedy_ev_point,local/calendar_weather/ridge,8988386.0,75.983,5386.0,0.999
chicago,generous,46,proportional,local/calendar_weather/random_forest,5452451.0,85.431,1074.0,0.998
chicago,generous,46,greedy_ev_point,local/calendar_weather/random_forest,7653496.0,79.55,1177.0,0.999
chicago,generous,46,proportional,local/calendar_weather/lgbm_point,5451379.0,85.434,1002.0,0.998
chicago,generous,46,greedy_ev_point,local/calendar_weather/lgbm_point,6920807.0,81.508,1121.0,0.999
chicago,generous,46,proportional,global/calendar_weather/lgbm_point,5452709.0,85.43,1063.0,0.998
chicago,generous,46,greedy_ev_point,global/calendar_weather/lgbm_point,6931828.0,81.478,1273.0,0.999
chicago,generous,46,greedy_ev_point,quantile/median_arm,6917110.0,81.518,1071.0,0.999
chicago,generous,46,greedy_ev_point,quantile/implied_mean_arm,7230677.0,80.68,1071.0,0.999
chicago,generous,46,greedy_ev_quantile,quantile/full_arm,5561653.0,85.139,991.0,0.998
nyc,scarce,119,uniform,uniform,190188344.0,0.0,1472303.0,1.0
nyc,scarce,119,proportional,local/internal/naive_trailing7,146024681.0,23.221,1103316.0,0.644
nyc,scarce,119,greedy_ev_point,local/internal/naive_trailing7,169379557.0,10.941,1266503.0,0.771
nyc,scarce,119,proportional,local/internal/seasonal_naive7,146024681.0,23.221,1103316.0,0.644
nyc,scarce,119,greedy_ev_point,local/internal/seasonal_naive7,162055000.0,14.792,1239573.0,0.754
nyc,scarce,119,proportional,local/internal/ridge,146024681.0,23.221,1103316.0,0.644
nyc,scarce,119,greedy_ev_point,local/internal/ridge,160498122.0,15.611,1205415.0,0.812
nyc,scarce,119,proportional,local/internal/random_forest,146024681.0,23.221,1103316.0,0.644
nyc,scarce,119,greedy_ev_point,local/internal/random_forest,160239187.0,15.747,1205758.0,0.813
nyc,scarce,119,proportional,local/internal/lgbm_point,146024681.0,23.221,1103316.0,0.644
nyc,scarce,119,greedy_ev_point,local/internal/lgbm_point,157829371.0,17.014,1189654.0,0.817
nyc,scarce,119,proportional,local/calendar/random_forest,146024681.0,23.221,1103316.0,0.644
nyc,scarce,119,greedy_ev_point,local/calendar/random_forest,159219381.0,16.283,1196867.0,0.815
nyc,scarce,119,proportional,local/calendar/lgbm_point,146024681.0,23.221,1103316.0,0.644
nyc,scarce,119,greedy_ev_point,local/calendar/lgbm_point,156019146.0,17.966,1173479.0,0.838
nyc,scarce,119,proportional,local/calendar_weather/ridge,146024681.0,23.221,1103316.0,0.644
nyc,scarce,119,greedy_ev_point,local/calendar_weather/ridge,161024401.0,15.334,1207294.0,0.815
nyc,scarce,119,proportional,local/calendar_weather/random_forest,146024681.0,23.221,1103316.0,0.644
nyc,scarce,119,greedy_ev_point,local/calendar_weather/random_forest,159107532.0,16.342,1192941.0,0.827
nyc,scarce,119,proportional,local/calendar_weather/lgbm_point,146024681.0,23.221,1103316.0,0.645
nyc,scarce,119,greedy_ev_point,local/calendar_weather/lgbm_point,154437576.0,18.798,1162991.0,0.854
nyc,scarce,119,proportional,global/calendar_weather/lgbm_point,146024681.0,23.221,1103316.0,0.644
nyc,scarce,119,greedy_ev_point,global/calendar_weather/lgbm_point,154608416.0,18.708,1164057.0,0.85
nyc,scarce,119,greedy_ev_point,quantile/median_arm,155038277.0,18.482,1168685.0,0.844
nyc,scarce,119,greedy_ev_point,quantile/implied_mean_arm,156441739.0,17.744,1176583.0,0.84
nyc,scarce,119,greedy_ev_quantile,quantile/full_arm,146938634.0,22.74,1109869.0,0.868
nyc,moderate,153,uniform,uniform,159106556.0,0.0,1262227.0,1.0
nyc,moderate,153,proportional,local/internal/naive_trailing7,81079121.0,49.041,634256.0,0.812
nyc,moderate,153,greedy_ev_point,local/internal/naive_trailing7,110547787.0,30.52,850185.0,0.999
nyc,moderate,153,proportional,local/internal/seasonal_naive7,81092921.0,49.032,634306.0,0.812
nyc,moderate,153,greedy_ev_point,local/internal/seasonal_naive7,101917312.0,35.944,815539.0,0.996
nyc,moderate,153,proportional,local/internal/ridge,81065321.0,49.05,634206.0,0.813
nyc,moderate,153,greedy_ev_point,local/internal/ridge,98864161.0,37.863,771919.0,0.999
nyc,moderate,153,proportional,local/internal/random_forest,81051521.0,49.058,634156.0,0.813
nyc,moderate,153,greedy_ev_point,local/internal/random_forest,98388256.0,38.162,769006.0,0.999
nyc,moderate,153,proportional,local/internal/lgbm_point,81040481.0,49.065,634116.0,0.812
nyc,moderate,153,greedy_ev_point,local/internal/lgbm_point,95165101.0,40.188,745606.0,0.999
nyc,moderate,153,proportional,local/calendar/random_forest,81040481.0,49.065,634116.0,0.812
nyc,moderate,153,greedy_ev_point,local/calendar/random_forest,97354711.0,38.812,757714.0,0.999
nyc,moderate,153,proportional,local/calendar/lgbm_point,81040481.0,49.065,634116.0,0.813
nyc,moderate,153,greedy_ev_point,local/calendar/lgbm_point,93385741.0,41.306,727713.0,0.999
nyc,moderate,153,proportional,local/calendar_weather/ridge,81055661.0,49.056,634171.0,0.813
nyc,moderate,153,greedy_ev_point,local/calendar_weather/ridge,99465551.0,37.485,773065.0,0.999
nyc,moderate,153,proportional,local/calendar_weather/random_forest,81040481.0,49.065,634116.0,0.812
nyc,moderate,153,greedy_ev_point,local/calendar_weather/random_forest,97036513.0,39.012,752312.0,0.999
nyc,moderate,153,proportional,local/calendar_weather/lgbm_point,81040481.0,49.065,634116.0,0.813
nyc,moderate,153,greedy_ev_point,local/calendar_weather/lgbm_point,91571785.0,42.446,714654.0,1.0
nyc,moderate,153,proportional,global/calendar_weather/lgbm_point,81040481.0,49.065,634116.0,0.813
nyc,moderate,153,greedy_ev_point,global/calendar_weather/lgbm_point,91699414.0,42.366,715922.0,1.0
nyc,moderate,153,greedy_ev_point,quantile/median_arm,92286377.0,41.997,721667.0,1.0
nyc,moderate,153,greedy_ev_point,quantile/implied_mean_arm,93992212.0,40.925,732506.0,1.0
nyc,moderate,153,greedy_ev_quantile,quantile/full_arm,82149267.0,48.368,643799.0,0.999
nyc,generous,187,uniform,uniform,133717691.0,0.0,1082827.0,1.0
nyc,generous,187,proportional,local/internal/naive_trailing7,18093877.0,86.469,172572.0,0.95
nyc,generous,187,greedy_ev_point,local/internal/naive_trailing7,47692481.0,64.333,411176.0,0.999
nyc,generous,187,proportional,local/internal/seasonal_naive7,17754620.0,86.722,171290.0,0.95
nyc,generous,187,greedy_ev_point,local/internal/seasonal_naive7,39219083.0,70.67,386144.0,0.999
nyc,generous,187,proportional,local/internal/ridge,17594797.0,86.842,170660.0,0.95
nyc,generous,187,greedy_ev_point,local/internal/ridge,35267585.0,73.625,324670.0,0.999
nyc,generous,187,proportional,local/internal/random_forest,17647320.0,86.803,170875.0,0.95
nyc,generous,187,greedy_ev_point,local/internal/random_forest,34675929.0,74.068,319151.0,0.999
nyc,generous,187,proportional,local/internal/lgbm_point,17623726.0,86.82,170795.0,0.95
nyc,generous,187,greedy_ev_point,local/internal/lgbm_point,31566786.0,76.393,292845.0,0.999
nyc,generous,187,proportional,local/calendar/random_forest,17597212.0,86.84,170693.0,0.95
nyc,generous,187,greedy_ev_point,local/calendar/random_forest,33245020.0,75.138,304041.0,0.999
nyc,generous,187,proportional,local/calendar/lgbm_point,17637327.0,86.81,170874.0,0.95
nyc,generous,187,greedy_ev_point,local/calendar/lgbm_point,29356590.0,78.046,272887.0,0.999
nyc,generous,187,proportional,local/calendar_weather/ridge,17643847.0,86.805,170857.0,0.95
nyc,generous,187,greedy_ev_point,local/calendar_weather/ridge,35905976.0,73.148,325357.0,0.999
nyc,generous,187,proportional,local/calendar_weather/random_forest,17588160.0,86.847,170656.0,0.95
nyc,generous,187,greedy_ev_point,local/calendar_weather/random_forest,33048603.0,75.285,298816.0,0.999
nyc,generous,187,proportional,local/calendar_weather/lgbm_point,17608997.0,86.831,170762.0,0.95
nyc,generous,187,greedy_ev_point,local/calendar_weather/lgbm_point,27875499.0,79.153,260904.0,1.0
nyc,generous,187,proportional,global/calendar_weather/lgbm_point,17586393.0,86.848,170682.0,0.95
nyc,generous,187,greedy_ev_point,global/calendar_weather/lgbm_point,28106701.0,78.981,263335.0,1.0
nyc,generous,187,greedy_ev_point,quantile/median_arm,28593828.0,78.616,268417.0,1.0
nyc,generous,187,greedy_ev_point,quantile/implied_mean_arm,30175303.0,77.434,279828.0,1.0
nyc,generous,187,greedy_ev_quantile,quantile/full_arm,18748666.0,85.979,184280.0,0.999
sf,scarce,26,uniform,uniform,57455738.0,0.0,434519.0,0.955
sf,scarce,26,proportional,local/internal/naive_trailing7,29492447.0,48.669,231169.0,0.643
sf,scarce,26,greedy_ev_point,local/internal/naive_trailing7,31500357.0,45.175,245167.0,1.0
sf,scarce,26,proportional,local/internal/seasonal_naive7,29486121.0,48.68,231146.0,0.644
sf,scarce,26,greedy_ev_point,local/internal/seasonal_naive7,31199838.0,45.698,243984.0,1.0
sf,scarce,26,proportional,local/internal/ridge,29492173.0,48.67,231168.0,0.644
sf,scarce,26,greedy_ev_point,local/internal/ridge,30733098.0,46.51,240299.0,1.0
sf,scarce,26,proportional,local/internal/random_forest,29492173.0,48.67,231168.0,0.644
sf,scarce,26,greedy_ev_point,local/internal/random_forest,30488876.0,46.935,238649.0,1.0
sf,scarce,26,proportional,local/internal/lgbm_point,29492173.0,48.67,231168.0,0.643
sf,scarce,26,greedy_ev_point,local/internal/lgbm_point,30451064.0,47.001,238347.0,1.0
sf,scarce,26,proportional,local/calendar/random_forest,29493265.0,48.668,231172.0,0.644
sf,scarce,26,greedy_ev_point,local/calendar/random_forest,30505133.0,46.907,238563.0,1.0
sf,scarce,26,proportional,local/calendar/lgbm_point,29492173.0,48.67,231168.0,0.644
sf,scarce,26,greedy_ev_point,local/calendar/lgbm_point,30364755.0,47.151,237515.0,1.0
sf,scarce,26,proportional,local/calendar_weather/ridge,29492173.0,48.67,231168.0,0.643
sf,scarce,26,greedy_ev_point,local/calendar_weather/ridge,30729185.0,46.517,240322.0,1.0
sf,scarce,26,proportional,local/calendar_weather/random_forest,29492173.0,48.67,231168.0,0.643
sf,scarce,26,greedy_ev_point,local/calendar_weather/random_forest,30494160.0,46.926,238474.0,1.0
sf,scarce,26,proportional,local/calendar_weather/lgbm_point,29486121.0,48.68,231146.0,0.644
sf,scarce,26,greedy_ev_point,local/calendar_weather/lgbm_point,30410631.0,47.071,237665.0,1.0
sf,scarce,26,proportional,global/calendar_weather/lgbm_point,29492447.0,48.669,231169.0,0.643
sf,scarce,26,greedy_ev_point,global/calendar_weather/lgbm_point,30255010.0,47.342,236773.0,1.0
sf,scarce,26,greedy_ev_point,quantile/median_arm,30337378.0,47.199,237083.0,1.0
sf,scarce,26,greedy_ev_point,quantile/implied_mean_arm,30375874.0,47.132,237480.0,1.0
sf,scarce,26,greedy_ev_quantile,quantile/full_arm,29644860.0,48.404,231937.0,1.0
sf,moderate,33,uniform,uniform,53355269.0,0.0,405085.0,1.0
sf,moderate,33,proportional,local/internal/naive_trailing7,16218711.0,69.602,134951.0,0.773
sf,moderate,33,greedy_ev_point,local/internal/naive_trailing7,18217857.0,65.856,148917.0,1.0
sf,moderate,33,proportional,local/internal/seasonal_naive7,16212021.0,69.615,134927.0,0.775
sf,moderate,33,greedy_ev_point,local/internal/seasonal_naive7,17917338.0,66.419,147734.0,1.0
sf,moderate,33,proportional,local/internal/ridge,16214548.0,69.61,134936.0,0.773
sf,moderate,33,greedy_ev_point,local/internal/ridge,17450598.0,67.294,144049.0,1.0
sf,moderate,33,proportional,local/internal/random_forest,16214879.0,69.61,134937.0,0.775
sf,moderate,33,greedy_ev_point,local/internal/random_forest,17206376.0,67.751,142399.0,1.0
sf,moderate,33,proportional,local/internal/lgbm_point,16208781.0,69.621,134915.0,0.775
sf,moderate,33,greedy_ev_point,local/internal/lgbm_point,17168564.0,67.822,142097.0,1.0
sf,moderate,33,proportional,local/calendar/random_forest,16214879.0,69.61,134937.0,0.775
sf,moderate,33,greedy_ev_point,local/calendar/random_forest,17222633.0,67.721,142313.0,1.0
sf,moderate,33,proportional,local/calendar/lgbm_point,16208781.0,69.621,134915.0,0.773
sf,moderate,33,greedy_ev_point,local/calendar/lgbm_point,17082255.0,67.984,141265.0,1.0
sf,moderate,33,proportional,local/calendar_weather/ridge,16231352.0,69.579,134997.0,0.773
sf,moderate,33,greedy_ev_point,local/calendar_weather/ridge,17446685.0,67.301,144072.0,1.0
sf,moderate,33,proportional,local/calendar_weather/random_forest,16214879.0,69.61,134937.0,0.775
sf,moderate,33,greedy_ev_point,local/calendar_weather/random_forest,17211660.0,67.741,142224.0,1.0
sf,moderate,33,proportional,local/calendar_weather/lgbm_point,16214833.0,69.61,134937.0,0.775
sf,moderate,33,greedy_ev_point,local/calendar_weather/lgbm_point,17128131.0,67.898,141415.0,1.0
sf,moderate,33,proportional,global/calendar_weather/lgbm_point,16214879.0,69.61,134937.0,0.773
sf,moderate,33,greedy_ev_point,global/calendar_weather/lgbm_point,16972510.0,68.19,140523.0,1.0
sf,moderate,33,greedy_ev_point,quantile/median_arm,17054878.0,68.035,140833.0,1.0
sf,moderate,33,greedy_ev_point,quantile/implied_mean_arm,17093374.0,67.963,141230.0,1.0
sf,moderate,33,greedy_ev_quantile,quantile/full_arm,16362360.0,69.333,135687.0,1.0
sf,generous,41,uniform,uniform,49559250.0,0.0,377585.0,1.0
sf,generous,41,proportional,local/internal/naive_trailing7,3758245.0,92.417,36529.0,0.947
sf,generous,41,greedy_ev_point,local/internal/naive_trailing7,4630588.0,90.656,45617.0,1.0
sf,generous,41,proportional,local/internal/seasonal_naive7,3729275.0,92.475,36365.0,0.948
sf,generous,41,greedy_ev_point,local/internal/seasonal_naive7,4401330.0,91.119,44702.0,1.0
sf,generous,41,proportional,local/internal/ridge,3736975.0,92.46,36419.0,0.948
sf,generous,41,greedy_ev_point,local/internal/ridge,4126467.0,91.674,41821.0,1.0
sf,generous,41,proportional,local/internal/random_forest,3751770.0,92.43,36502.0,0.947
sf,generous,41,greedy_ev_point,local/internal/random_forest,4053617.0,91.821,40961.0,1.0
sf,generous,41,proportional,local/internal/lgbm_point,3737750.0,92.458,36428.0,0.948
sf,generous,41,greedy_ev_point,local/internal/lgbm_point,4019327.0,91.89,40682.0,1.0
sf,generous,41,proportional,local/calendar/random_forest,3742725.0,92.448,36451.0,0.948
sf,generous,41,greedy_ev_point,local/calendar/random_forest,4064239.0,91.799,40835.0,1.0
sf,generous,41,proportional,local/calendar/lgbm_point,3734266.0,92.465,36405.0,0.948
sf,generous,41,greedy_ev_point,local/calendar/lgbm_point,3949940.0,92.03,39877.0,1.0
sf,generous,41,proportional,local/calendar_weather/ridge,3756013.0,92.421,36499.0,0.948
sf,generous,41,greedy_ev_point,local/calendar_weather/ridge,4191957.0,91.542,42101.0,1.0
sf,generous,41,proportional,local/calendar_weather/random_forest,3736455.0,92.461,36412.0,0.947
sf,generous,41,greedy_ev_point,local/calendar_weather/random_forest,4079046.0,91.769,40846.0,1.0
sf,generous,41,proportional,local/calendar_weather/lgbm_point,3741460.0,92.451,36448.0,0.95
sf,generous,41,greedy_ev_point,local/calendar_weather/lgbm_point,3993638.0,91.942,40027.0,1.0
sf,generous,41,proportional,global/calendar_weather/lgbm_point,3722991.0,92.488,36344.0,0.948
sf,generous,41,greedy_ev_point,global/calendar_weather/lgbm_point,3952067.0,92.026,39596.0,1.0
sf,generous,41,greedy_ev_point,quantile/median_arm,3959824.0,92.01,39594.0,1.0
sf,generous,41,greedy_ev_point,quantile/implied_mean_arm,3959463.0,92.011,39813.0,1.0
sf,generous,41,greedy_ev_quantile,quantile/full_arm,3693238.0,92.548,36318.0,0.999
