city,regime,contrast,mean_daily_loss_diff,ci95_lo,ci95_hi,n_days,block_length,is_primary_block
austin,scarce,full_vs_median_arm,-578.855,-794.11,-379.769,276,28,True
austin,scarce,full_vs_median_arm,-578.855,-736.183,-436.646,276,14,False
austin,scarce,full_vs_median_arm,-578.855,-834.232,-335.288,276,56,False
austin,scarce,full_vs_implied_mean_arm,-714.163,-970.96,-481.286,276,28,True
austin,scarce,full_vs_implied_mean_arm,-714.163,-900.65,-546.043,276,14,False
austin,scarce,full_vs_implied_mean_arm,-714.163,-1010.932,-436.135,276,56,False
austin,scarce,valbest_vs_naive_greedy,-1810.605,-2389.833,-1242.922,276,28,True
austin,scarce,valbest_vs_naive_greedy,-1810.605,-2236.228,-1386.462,276,14,False
austin,scarce,valbest_vs_naive_greedy,-1810.605,-2562.125,-1061.844,276,56,False
austin,scarce,greedy_vs_proportional_valbest,687.572,418.833,1010.88,276,28,True
austin,scarce,greedy_vs_proportional_valbest,687.572,488.431,926.094,276,14,False
austin,scarce,greedy_vs_proportional_valbest,687.572,353.619,1069.56,276,56,False
austin,moderate,full_vs_median_arm,-676.362,-936.871,-442.173,276,28,True
austin,moderate,full_vs_median_arm,-676.362,-865.3,-504.695,276,14,False
austin,moderate,full_vs_median_arm,-676.362,-984.877,-387.552,276,56,False
austin,moderate,full_vs_implied_mean_arm,-875.678,-1211.501,-575.235,276,28,True
austin,moderate,full_vs_implied_mean_arm,-875.678,-1128.04,-653.99,276,14,False
austin,moderate,full_vs_implied_mean_arm,-875.678,-1261.434,-511.629,276,56,False
austin,moderate,valbest_vs_naive_greedy,-2637.562,-3586.405,-1714.101,276,28,True
austin,moderate,valbest_vs_naive_greedy,-2637.562,-3349.828,-1964.576,276,14,False
austin,moderate,valbest_vs_naive_greedy,-2637.562,-3847.311,-1458.552,276,56,False
austin,moderate,greedy_vs_proportional_valbest,789.036,472.049,1162.672,276,28,True
austin,moderate,greedy_vs_proportional_valbest,789.036,558.196,1064.473,276,14,False
austin,moderate,greedy_vs_proportional_valbest,789.036,401.543,1225.549,276,56,False
austin,generous,full_vs_median_arm,-872.409,-1187.07,-580.505,276,28,True
austin,generous,full_vs_median_arm,-872.409,-1101.116,-662.003,276,14,False
austin,generous,full_vs_median_arm,-872.409,-1247.244,-516.638,276,56,False
austin,generous,full_vs_implied_mean_arm,-1047.486,-1452.204,-676.632,276,28,True
austin,generous,full_vs_implied_mean_arm,-1047.486,-1342.989,-777.837,276,14,False
austin,generous,full_vs_implied_mean_arm,-1047.486,-1521.886,-596.415,276,56,False
austin,generous,valbest_vs_naive_greedy,-5412.554,-7089.665,-3715.653,276,28,True
austin,generous,valbest_vs_naive_greedy,-5412.554,-6695.183,-4178.612,276,14,False
austin,generous,valbest_vs_naive_greedy,-5412.554,-7536.439,-3194.359,276,56,False
austin,generous,greedy_vs_proportional_valbest,895.217,536.05,1318.369,276,28,True
austin,generous,greedy_vs_proportional_valbest,895.217,627.307,1208.181,276,14,False
austin,generous,greedy_vs_proportional_valbest,895.217,447.128,1393.8,276,56,False
chicago,scarce,full_vs_median_arm,-3434.554,-4261.702,-2557.026,276,28,True
chicago,scarce,full_vs_median_arm,-3434.554,-4082.928,-2796.412,276,14,False
chicago,scarce,full_vs_median_arm,-3434.554,-4417.517,-2284.772,276,56,False
chicago,scarce,full_vs_implied_mean_arm,-4633.688,-5787.956,-3409.86,276,28,True
chicago,scarce,full_vs_implied_mean_arm,-4633.688,-5537.621,-3722.8,276,14,False
chicago,scarce,full_vs_implied_mean_arm,-4633.688,-6031.584,-3024.28,276,56,False
chicago,scarce,valbest_vs_naive_greedy,-9744.841,-12418.991,-7044.523,276,28,True
chicago,scarce,valbest_vs_naive_greedy,-9744.841,-11796.202,-7760.396,276,14,False
chicago,scarce,valbest_vs_naive_greedy,-9744.841,-13057.47,-6314.778,276,56,False
chicago,scarce,greedy_vs_proportional_valbest,3402.88,2494.568,4264.739,276,28,True
chicago,scarce,greedy_vs_proportional_valbest,3402.88,2730.747,4079.001,276,14,False
chicago,scarce,greedy_vs_proportional_valbest,3402.88,2214.512,4454.672,276,56,False
chicago,moderate,full_vs_median_arm,-4887.888,-6473.487,-3378.605,276,28,True
chicago,moderate,full_vs_median_arm,-4887.888,-6079.024,-3766.588,276,14,False
chicago,moderate,full_vs_median_arm,-4887.888,-6822.668,-2949.909,276,56,False
chicago,moderate,full_vs_implied_mean_arm,-6076.783,-8040.979,-4194.559,276,28,True
chicago,moderate,full_vs_implied_mean_arm,-6076.783,-7565.815,-4678.265,276,14,False
chicago,moderate,full_vs_implied_mean_arm,-6076.783,-8426.299,-3663.282,276,56,False
chicago,moderate,valbest_vs_naive_greedy,-14018.5,-18607.415,-9640.33,276,28,True
chicago,moderate,valbest_vs_naive_greedy,-14018.5,-17442.128,-10850.825,276,14,False
chicago,moderate,valbest_vs_naive_greedy,-14018.5,-19624.925,-8734.403,276,56,False
chicago,moderate,greedy_vs_proportional_valbest,5205.79,3534.363,6947.652,276,28,True
chicago,moderate,greedy_vs_proportional_valbest,5205.79,3960.257,6527.885,276,14,False
chicago,moderate,greedy_vs_proportional_valbest,5205.79,3051.612,7336.918,276,56,False
chicago,generous,full_vs_median_arm,-4911.076,-6666.502,-2971.015,276,28,True
chicago,generous,full_vs_median_arm,-4911.076,-6257.661,-3494.766,276,14,False
chicago,generous,full_vs_median_arm,-4911.076,-7252.525,-2503.301,276,56,False
chicago,generous,full_vs_implied_mean_arm,-6047.188,-8216.354,-3684.443,276,28,True
chicago,generous,full_vs_implied_mean_arm,-6047.188,-7640.962,-4343.615,276,14,False
chicago,generous,full_vs_implied_mean_arm,-6047.188,-8916.196,-3077.582,276,56,False
chicago,generous,valbest_vs_naive_greedy,-20437.344,-26510.98,-14169.569,276,28,True
chicago,generous,valbest_vs_naive_greedy,-20437.344,-25006.115,-15817.21,276,14,False
chicago,generous,valbest_vs_naive_greedy,-20437.344,-28143.096,-12085.195,276,56,False
chicago,generous,greedy_vs_proportional_valbest,5324.014,3181.051,7300.787,276,28,True
chicago,generous,greedy_vs_proportional_valbest,5324.014,3752.092,6796.186,276,14,False
chicago,generous,greedy_vs_proportional_valbest,5324.014,2656.045,7944.761,276,56,False
nyc,scarce,full_vs_median_arm,-29346.533,-39002.168,-19966.455,276,28,True
nyc,scarce,full_vs_median_arm,-29346.533,-36537.472,-22432.309,276,14,False
nyc,scarce,full_vs_median_arm,-29346.533,-41386.124,-17111.479,276,56,False
nyc,scarce,full_vs_implied_mean_arm,-34431.54,-45374.247,-23490.976,276,28,True
nyc,scarce,full_vs_implied_mean_arm,-34431.54,-42883.517,-26396.89,276,14,False
nyc,scarce,full_vs_implied_mean_arm,-34431.54,-48169.146,-20079.913,276,56,False
nyc,scarce,valbest_vs_naive_greedy,-54137.612,-71191.564,-37161.074,276,28,True
nyc,scarce,valbest_vs_naive_greedy,-54137.612,-67316.798,-41699.326,276,14,False
nyc,scarce,valbest_vs_naive_greedy,-54137.612,-75414.35,-32007.078,276,56,False
nyc,scarce,greedy_vs_proportional_valbest,30481.504,20786.081,40404.699,276,28,True
nyc,scarce,greedy_vs_proportional_valbest,30481.504,23315.18,37905.004,276,14,False
nyc,scarce,greedy_vs_proportional_valbest,30481.504,17793.425,42826.754,276,56,False
nyc,moderate,full_vs_median_arm,-36728.659,-49968.366,-24140.926,276,28,True
nyc,moderate,full_vs_median_arm,-36728.659,-46463.674,-27469.718,276,14,False
nyc,moderate,full_vs_median_arm,-36728.659,-53049.049,-20521.504,276,56,False
nyc,moderate,full_vs_implied_mean_arm,-42909.221,-57769.391,-28636.385,276,28,True
nyc,moderate,full_vs_implied_mean_arm,-42909.221,-53933.483,-32343.1,276,14,False
nyc,moderate,full_vs_implied_mean_arm,-42909.221,-61324.746,-24157.012,276,56,False
nyc,moderate,valbest_vs_naive_greedy,-68753.63,-91793.235,-45966.064,276,28,True
nyc,moderate,valbest_vs_naive_greedy,-68753.63,-86319.058,-52211.292,276,14,False
nyc,moderate,valbest_vs_naive_greedy,-68753.63,-97808.604,-39283.391,276,56,False
nyc,moderate,greedy_vs_proportional_valbest,38156.899,25087.041,51944.076,276,28,True
nyc,moderate,greedy_vs_proportional_valbest,38156.899,28540.49,48247.124,276,14,False
nyc,moderate,greedy_vs_proportional_valbest,38156.899,21268.125,55162.586,276,56,False
nyc,generous,full_vs_median_arm,-35670.877,-50067.749,-22069.937,276,28,True
nyc,generous,full_vs_median_arm,-35670.877,-46176.418,-25798.837,276,14,False
nyc,generous,full_vs_median_arm,-35670.877,-53101.846,-18898.341,276,56,False
nyc,generous,full_vs_implied_mean_arm,-41400.859,-57435.264,-26052.34,276,28,True
nyc,generous,full_vs_implied_mean_arm,-41400.859,-53337.711,-30223.292,276,14,False
nyc,generous,full_vs_implied_mean_arm,-41400.859,-60961.032,-21948.63,276,56,False
nyc,generous,valbest_vs_naive_greedy,-71800.659,-97208.557,-47184.483,276,28,True
nyc,generous,valbest_vs_naive_greedy,-71800.659,-90807.86,-53856.375,276,14,False
nyc,generous,valbest_vs_naive_greedy,-71800.659,-102804.617,-40056.781,276,56,False
nyc,generous,greedy_vs_proportional_valbest,37197.471,22738.16,52620.792,276,28,True
nyc,generous,greedy_vs_proportional_valbest,37197.471,26722.349,48476.591,276,14,False
nyc,generous,greedy_vs_proportional_valbest,37197.471,19343.549,55823.9,276,56,False
sf,scarce,full_vs_median_arm,-2518.247,-3229.006,-1795.613,275,28,True
sf,scarce,full_vs_median_arm,-2518.247,-3065.69,-1986.3,275,14,False
sf,scarce,full_vs_median_arm,-2518.247,-3353.508,-1619.205,275,56,False
sf,scarce,full_vs_implied_mean_arm,-2658.233,-3440.313,-1886.965,275,28,True
sf,scarce,full_vs_implied_mean_arm,-2658.233,-3239.57,-2093.662,275,14,False
sf,scarce,full_vs_implied_mean_arm,-2658.233,-3591.387,-1694.418,275,56,False
sf,scarce,valbest_vs_naive_greedy,-4528.535,-5931.733,-3132.236,275,28,True
sf,scarce,valbest_vs_naive_greedy,-4528.535,-5579.366,-3507.901,275,14,False
sf,scarce,valbest_vs_naive_greedy,-4528.535,-6301.076,-2724.214,275,56,False
sf,scarce,greedy_vs_proportional_valbest,2772.956,1998.121,3538.828,275,28,True
sf,scarce,greedy_vs_proportional_valbest,2772.956,2196.12,3360.47,275,14,False
sf,scarce,greedy_vs_proportional_valbest,2772.956,1819.346,3667.225,275,56,False
sf,moderate,full_vs_median_arm,-2518.247,-3229.006,-1795.613,275,28,True
sf,moderate,full_vs_median_arm,-2518.247,-3065.69,-1986.3,275,14,False
sf,moderate,full_vs_median_arm,-2518.247,-3353.508,-1619.205,275,56,False
sf,moderate,full_vs_implied_mean_arm,-2658.233,-3440.313,-1886.965,275,28,True
sf,moderate,full_vs_implied_mean_arm,-2658.233,-3239.57,-2093.662,275,14,False
sf,moderate,full_vs_implied_mean_arm,-2658.233,-3591.387,-1694.418,275,56,False
sf,moderate,valbest_vs_naive_greedy,-4528.535,-5931.733,-3132.236,275,28,True
sf,moderate,valbest_vs_naive_greedy,-4528.535,-5579.366,-3507.901,275,14,False
sf,moderate,valbest_vs_naive_greedy,-4528.535,-6301.076,-2724.214,275,56,False
sf,moderate,greedy_vs_proportional_valbest,2755.022,1980.123,3520.829,275,28,True
sf,moderate,greedy_vs_proportional_valbest,2755.022,2178.247,3342.601,275,14,False
sf,moderate,greedy_vs_proportional_valbest,2755.022,1801.349,3649.228,275,56,False
sf,generous,full_vs_median_arm,-969.404,-1495.713,-498.241,275,28,True
sf,generous,full_vs_median_arm,-969.404,-1355.95,-621.715,275,14,False
sf,generous,full_vs_median_arm,-969.404,-1610.387,-351.002,275,56,False
sf,generous,full_vs_implied_mean_arm,-968.091,-1570.05,-443.741,275,28,True
sf,generous,full_vs_implied_mean_arm,-968.091,-1409.409,-583.563,275,14,False
sf,generous,full_vs_implied_mean_arm,-968.091,-1703.993,-277.317,275,56,False
sf,generous,valbest_vs_naive_greedy,-2467.349,-3698.884,-1323.252,275,28,True
sf,generous,valbest_vs_naive_greedy,-2467.349,-3340.795,-1623.584,275,14,False
sf,generous,valbest_vs_naive_greedy,-2467.349,-4033.269,-928.429,275,56,False
sf,generous,greedy_vs_proportional_valbest,833.004,374.049,1365.924,275,28,True
sf,generous,greedy_vs_proportional_valbest,833.004,494.414,1229.574,275,14,False
sf,generous,greedy_vs_proportional_valbest,833.004,226.506,1483.474,275,56,False
