mae,rmse,mape_floored,n_rows,n_days,scope,city,feature_set,model,split,fit_seconds
30.280649350649348,49.978467719824316,52.458263892808624,2200,275,local,austin,internal,naive_trailing7,val,0.0
30.371376811594203,50.156071302136,48.159494852497794,2208,276,local,austin,internal,naive_trailing7,test,0.01
20.517272727272726,39.2618019315096,40.014678512769706,2200,275,local,austin,internal,seasonal_naive7,val,0.0
21.61322463768116,42.77520656994481,38.985340929136555,2208,276,local,austin,internal,seasonal_naive7,test,0.01
24.57829322077456,43.6517671953275,44.59598885541907,2200,275,local,austin,internal,ridge,val,0.02
24.976321727076268,44.895732927816425,40.556971815328566,2208,276,local,austin,internal,ridge,test,0.03
16.493862902825924,30.750321807623106,36.57666348942335,2200,275,local,austin,internal,random_forest,val,5.03
16.528608648164422,31.697731804510706,32.69125303227569,2208,276,local,austin,internal,random_forest,test,5.03
16.500796944418266,31.304364145237464,33.140248956425275,2200,275,local,austin,internal,lgbm_point,val,2.17
16.719168250786243,32.77662036175324,31.20749717820439,2208,276,local,austin,internal,lgbm_point,test,2.18
105.76860853432281,188.8002548772577,85.34467540320014,1925,275,local,chicago,internal,naive_trailing7,val,0.0
111.46058858325938,201.99423320382726,84.0762069834104,1932,276,local,chicago,internal,naive_trailing7,test,0.01
70.68987012987013,188.11561242056342,55.50517528265202,1925,275,local,chicago,internal,seasonal_naive7,val,0.0
84.23757763975155,198.97115415641383,49.110728372275986,1932,276,local,chicago,internal,seasonal_naive7,test,0.01
64.33720623721874,150.03162317349972,54.539286781320975,1925,275,local,chicago,internal,ridge,val,0.02
71.80940857482071,151.93444047011442,50.74802792821356,1932,276,local,chicago,internal,ridge,test,0.02
54.80283916397853,134.0779273484816,51.73518760594066,1925,275,local,chicago,internal,random_forest,val,5.55
60.37425767520888,136.3074473213187,45.116427264241345,1932,276,local,chicago,internal,random_forest,test,5.56
55.1004730702715,135.1401344784289,40.271776481406064,1925,275,local,chicago,internal,lgbm_point,val,1.87
59.23550411987784,138.76839061725667,37.55567193877476,1932,276,local,chicago,internal,lgbm_point,test,1.87
245.53357142857143,461.6407075490844,27.237728728147943,2200,275,local,nyc,internal,naive_trailing7,val,0.0
305.6182712215321,571.3918531972411,27.37934710999777,2208,276,local,nyc,internal,naive_trailing7,test,0.01
226.67181818181817,494.43669417373803,26.362787181501464,2200,275,local,nyc,internal,seasonal_naive7,val,0.0
282.4388586956522,644.0911805190813,25.246462590260744,2208,276,local,nyc,internal,seasonal_naive7,test,0.01
172.1592225983904,368.80639895349185,20.457967612936546,2200,275,local,nyc,internal,ridge,val,0.02
215.15430181750915,427.7000271860838,20.377160471683187,2208,276,local,nyc,internal,ridge,test,0.02
170.73886374028396,367.63939510029843,19.483964049370137,2200,275,local,nyc,internal,random_forest,val,5.95
209.28085225769593,445.3443420239593,18.886129162387014,2208,276,local,nyc,internal,random_forest,test,5.96
165.7005926366115,366.42630683792333,17.987921855033797,2200,275,local,nyc,internal,lgbm_point,val,2.96
207.02225946993488,454.16456162098814,17.53598792319083,2208,276,local,nyc,internal,lgbm_point,test,2.97
42.45555265901981,92.11746887749817,34.97082200834225,2192,274,local,sf,internal,naive_trailing7,val,0.0
44.76902597402597,97.8083661259611,75.40324061281484,2200,275,local,sf,internal,naive_trailing7,test,0.01
37.60492700729927,87.9001590226342,34.06746419808784,2192,274,local,sf,internal,seasonal_naive7,val,0.0
43.78636363636364,108.41276342168976,91.2024374709818,2200,275,local,sf,internal,seasonal_naive7,test,0.01
31.435369707359023,73.62409004375178,30.355708530299875,2192,274,local,sf,internal,ridge,val,0.02
35.18345948080877,85.67929351754634,73.86235493677307,2200,275,local,sf,internal,ridge,test,0.02
32.42785832597308,75.26531773604252,30.173206580032048,2192,274,local,sf,internal,random_forest,val,5.04
34.51505316415111,85.71427078146932,68.25045749523217,2200,275,local,sf,internal,random_forest,test,5.04
33.01464336882172,77.63593289221866,26.410153677794927,2192,274,local,sf,internal,lgbm_point,val,2.94
35.0460107902037,86.47727231233192,64.21436380196,2200,275,local,sf,internal,lgbm_point,test,2.94
30.280649350649348,49.978467719824316,52.458263892808624,2200,275,local,austin,calendar,naive_trailing7,val,0.0
30.371376811594203,50.156071302136,48.159494852497794,2208,276,local,austin,calendar,naive_trailing7,test,0.01
20.517272727272726,39.2618019315096,40.014678512769706,2200,275,local,austin,calendar,seasonal_naive7,val,0.0
21.61322463768116,42.77520656994481,38.985340929136555,2208,276,local,austin,calendar,seasonal_naive7,test,0.01
25.22567384429808,42.58309550016823,50.95633516992367,2200,275,local,austin,calendar,ridge,val,0.02
25.677413996891723,43.80879363604347,46.264275396335734,2208,276,local,austin,calendar,ridge,test,0.03
15.878603870627657,28.916289202978305,35.2234640989705,2200,275,local,austin,calendar,random_forest,val,6.9
15.505621274668117,29.383388197577865,30.64737549321226,2208,276,local,austin,calendar,random_forest,test,6.91
15.389006906764156,28.09300981558954,30.76307472738416,2200,275,local,austin,calendar,lgbm_point,val,3.21
14.843233048499407,29.28878188782237,27.55295160997634,2208,276,local,austin,calendar,lgbm_point,test,3.21
105.76860853432281,188.8002548772577,85.34467540320014,1925,275,local,chicago,calendar,naive_trailing7,val,0.0
111.46058858325938,201.99423320382726,84.0762069834104,1932,276,local,chicago,calendar,naive_trailing7,test,0.01
70.68987012987013,188.11561242056342,55.50517528265202,1925,275,local,chicago,calendar,seasonal_naive7,val,0.0
84.23757763975155,198.97115415641383,49.110728372275986,1932,276,local,chicago,calendar,seasonal_naive7,test,0.01
63.35268958348072,144.33372488457977,48.22255176458772,1925,275,local,chicago,calendar,ridge,val,0.02
70.50993819207744,144.23587342806005,46.10380675863439,1932,276,local,chicago,calendar,ridge,test,0.02
49.265573352142965,125.56950885978442,45.227375360983196,1925,275,local,chicago,calendar,random_forest,val,6.99
54.41829373481655,125.36253524717198,39.2708629019846,1932,276,local,chicago,calendar,random_forest,test,6.99
48.52709405755261,127.36093148040382,31.127886275653804,1925,275,local,chicago,calendar,lgbm_point,val,3.42
50.94453068141395,123.55990792380304,27.357853056352415,1932,276,local,chicago,calendar,lgbm_point,test,3.42
245.53357142857143,461.6407075490844,27.237728728147943,2200,275,local,nyc,calendar,naive_trailing7,val,0.0
305.6182712215321,571.3918531972411,27.37934710999777,2208,276,local,nyc,calendar,naive_trailing7,test,0.01
226.67181818181817,494.43669417373803,26.362787181501464,2200,275,local,nyc,calendar,seasonal_naive7,val,0.0
282.4388586956522,644.0911805190813,25.246462590260744,2208,276,local,nyc,calendar,seasonal_naive7,test,0.01
170.77752231258253,367.1728887661388,19.49895871187475,2200,275,local,nyc,calendar,ridge,val,0.02
213.4855865389279,426.904753642776,19.54256502601398,2208,276,local,nyc,calendar,ridge,test,0.03
160.8568901415009,359.0924083044801,17.68316376770497,2200,275,local,nyc,calendar,random_forest,val,7.69
195.08828542194627,425.1704754197211,17.138137150705894,2208,276,local,nyc,calendar,random_forest,test,7.7
146.49653437091345,343.1155350733798,14.854972297017923,2200,275,local,nyc,calendar,lgbm_point,val,3.39
182.3783847969158,419.20367980902313,14.90756747869941,2208,276,local,nyc,calendar,lgbm_point,test,3.39
42.45555265901981,92.11746887749817,34.97082200834225,2192,274,local,sf,calendar,naive_trailing7,val,0.0
44.76902597402597,97.8083661259611,75.40324061281484,2200,275,local,sf,calendar,naive_trailing7,test,0.01
37.60492700729927,87.9001590226342,34.06746419808784,2192,274,local,sf,calendar,seasonal_naive7,val,0.0
43.78636363636364,108.41276342168976,91.2024374709818,2200,275,local,sf,calendar,seasonal_naive7,test,0.01
32.64177575486805,71.65725397266425,95.68957175689286,2192,274,local,sf,calendar,ridge,val,0.02
36.56246785899608,83.24180388807932,152.97704865243742,2200,275,local,sf,calendar,ridge,test,0.02
31.32523252591822,72.06100235655103,28.824193441169992,2192,274,local,sf,calendar,random_forest,val,7.03
32.839662098258714,81.07447045891715,69.49475496236415,2200,275,local,sf,calendar,random_forest,test,7.03
30.340779325188084,70.99768740085652,23.91867611811661,2192,274,local,sf,calendar,lgbm_point,val,3.33
31.53173691664462,76.70449782505696,63.566081873453086,2200,275,local,sf,calendar,lgbm_point,test,3.34
30.280649350649348,49.978467719824316,52.458263892808624,2200,275,local,austin,weather,naive_trailing7,val,0.0
30.371376811594203,50.156071302136,48.159494852497794,2208,276,local,austin,weather,naive_trailing7,test,0.01
20.517272727272726,39.2618019315096,40.014678512769706,2200,275,local,austin,weather,seasonal_naive7,val,0.0
21.61322463768116,42.77520656994481,38.985340929136555,2208,276,local,austin,weather,seasonal_naive7,test,0.01
24.411629661234283,43.40468184722096,43.32349845983293,2200,275,local,austin,weather,ridge,val,0.03
24.954539187805263,44.877377627190846,39.675452693198295,2208,276,local,austin,weather,ridge,test,0.03
16.569337252191048,30.563887339469225,36.89294191577848,2200,275,local,austin,weather,random_forest,val,8.21
16.617347297829998,31.74850133558228,32.51347696133941,2208,276,local,austin,weather,random_forest,test,8.21
16.46240891195655,31.345385474924733,32.725975169795504,2200,275,local,austin,weather,lgbm_point,val,3.77
16.529684252475338,32.34906136407901,30.35334791791378,2208,276,local,austin,weather,lgbm_point,test,3.78
105.76860853432281,188.8002548772577,85.34467540320014,1925,275,local,chicago,weather,naive_trailing7,val,0.01
111.46058858325938,201.99423320382726,84.0762069834104,1932,276,local,chicago,weather,naive_trailing7,test,0.01
70.68987012987013,188.11561242056342,55.50517528265202,1925,275,local,chicago,weather,seasonal_naive7,val,0.0
84.23757763975155,198.97115415641383,49.110728372275986,1932,276,local,chicago,weather,seasonal_naive7,test,0.01
64.44344195136706,149.79748695110416,50.505921305841696,1925,275,local,chicago,weather,ridge,val,0.02
72.85102375278898,151.35097774889934,47.91926620890178,1932,276,local,chicago,weather,ridge,test,0.03
53.13004578459604,133.57594661792498,45.84509027839303,1925,275,local,chicago,weather,random_forest,val,8.59
59.2681636025609,134.40141112311,41.45144283434589,1932,276,local,chicago,weather,random_forest,test,8.6
52.580394425759536,134.68324274194546,38.085341065648386,1925,275,local,chicago,weather,lgbm_point,val,3.98
58.66494509106411,136.93144047652672,35.962087209289514,1932,276,local,chicago,weather,lgbm_point,test,3.99
245.53357142857143,461.6407075490844,27.237728728147943,2200,275,local,nyc,weather,naive_trailing7,val,0.0
305.6182712215321,571.3918531972411,27.37934710999777,2208,276,local,nyc,weather,naive_trailing7,test,0.01
226.67181818181817,494.43669417373803,26.362787181501464,2200,275,local,nyc,weather,seasonal_naive7,val,0.0
282.4388586956522,644.0911805190813,25.246462590260744,2208,276,local,nyc,weather,seasonal_naive7,test,0.01
171.22356482830574,370.87177889815104,20.25590773319525,2200,275,local,nyc,weather,ridge,val,0.02
214.6247984282119,427.632052348945,19.71213004669107,2208,276,local,nyc,weather,ridge,test,0.03
164.5817759989182,357.1141802841919,18.7272573287157,2200,275,local,nyc,weather,random_forest,val,9.48
200.15167865653208,424.5136007635835,18.143353660626822,2208,276,local,nyc,weather,random_forest,test,9.48
153.9626889155107,342.8560270672229,16.992820332375402,2200,275,local,nyc,weather,lgbm_point,val,4.25
186.72788307801972,414.4166655320094,16.272901287683734,2208,276,local,nyc,weather,lgbm_point,test,4.26
42.45555265901981,92.11746887749817,34.97082200834225,2192,274,local,sf,weather,naive_trailing7,val,0.01
44.76902597402597,97.8083661259611,75.40324061281484,2200,275,local,sf,weather,naive_trailing7,test,0.01
37.60492700729927,87.9001590226342,34.06746419808784,2192,274,local,sf,weather,seasonal_naive7,val,0.0
43.78636363636364,108.41276342168976,91.2024374709818,2200,275,local,sf,weather,seasonal_naive7,test,0.01
31.85030984627955,73.3623670009941,54.329758924934765,2192,274,local,sf,weather,ridge,val,0.03
35.866331321921514,85.2284713081516,104.77641671473033,2200,275,local,sf,weather,ridge,test,0.04
32.40973003757722,74.6061540997728,31.08781992644095,2192,274,local,sf,weather,random_forest,val,7.94
33.21513637241465,83.00464906565458,69.16310030347033,2200,275,local,sf,weather,random_forest,test,7.94
32.24146357375394,74.65132135615943,26.580070919747012,2192,274,local,sf,weather,lgbm_point,val,3.85
33.2253244864699,82.8946819953394,65.66187964448832,2200,275,local,sf,weather,lgbm_point,test,3.85
30.280649350649348,49.978467719824316,52.458263892808624,2200,275,local,austin,calendar_weather,naive_trailing7,val,0.0
30.371376811594203,50.156071302136,48.159494852497794,2208,276,local,austin,calendar_weather,naive_trailing7,test,0.01
20.517272727272726,39.2618019315096,40.014678512769706,2200,275,local,austin,calendar_weather,seasonal_naive7,val,0.0
21.61322463768116,42.77520656994481,38.985340929136555,2208,276,local,austin,calendar_weather,seasonal_naive7,test,0.01
25.138936582575695,42.37751778620301,51.10376134389426,2200,275,local,austin,calendar_weather,ridge,val,0.03
25.60902906107524,43.76514903673797,45.938343756143354,2208,276,local,austin,calendar_weather,ridge,test,0.03
15.874166539007062,28.862280887257384,35.69341545900721,2200,275,local,austin,calendar_weather,random_forest,val,9.74
15.467279440557638,29.41469708120544,30.722926516772514,2208,276,local,austin,calendar_weather,random_forest,test,9.75
15.244530136923965,28.41420408897742,29.93435108720415,2200,275,local,austin,calendar_weather,lgbm_point,val,4.42
14.844345127011985,29.19310108421892,27.46042031309178,2208,276,local,austin,calendar_weather,lgbm_point,test,4.43
105.76860853432281,188.8002548772577,85.34467540320014,1925,275,local,chicago,calendar_weather,naive_trailing7,val,0.0
111.46058858325938,201.99423320382726,84.0762069834104,1932,276,local,chicago,calendar_weather,naive_trailing7,test,0.01
70.68987012987013,188.11561242056342,55.50517528265202,1925,275,local,chicago,calendar_weather,seasonal_naive7,val,0.01
84.23757763975155,198.97115415641383,49.110728372275986,1932,276,local,chicago,calendar_weather,seasonal_naive7,test,0.01
63.59666699971213,144.06312073780953,48.67401441962896,1925,275,local,chicago,calendar_weather,ridge,val,0.03
70.80969503683919,143.66223369772104,43.84288331612334,1932,276,local,chicago,calendar_weather,ridge,test,0.03
48.6069517028108,125.5824568905795,41.847758366526975,1925,275,local,chicago,calendar_weather,random_forest,val,10.18
53.7406510225142,124.67545288901061,36.8280108048519,1932,276,local,chicago,calendar_weather,random_forest,test,10.19
46.801866466778925,125.70384589162114,30.99058367704434,1925,275,local,chicago,calendar_weather,lgbm_point,val,4.5
49.29528928315054,121.14710740138669,26.57689527319848,1932,276,local,chicago,calendar_weather,lgbm_point,test,4.5
245.53357142857143,461.6407075490844,27.237728728147943,2200,275,local,nyc,calendar_weather,naive_trailing7,val,0.0
305.6182712215321,571.3918531972411,27.37934710999777,2208,276,local,nyc,calendar_weather,naive_trailing7,test,0.01
226.67181818181817,494.43669417373803,26.362787181501464,2200,275,local,nyc,calendar_weather,seasonal_naive7,val,0.0
282.4388586956522,644.0911805190813,25.246462590260744,2208,276,local,nyc,calendar_weather,seasonal_naive7,test,0.01
170.6124522206375,368.523061137976,20.06483742599286,2200,275,local,nyc,calendar_weather,ridge,val,0.03
213.11324391632414,426.17076497914,19.757089171837148,2208,276,local,nyc,calendar_weather,ridge,test,0.03
156.80265648861166,349.6580638121578,17.292886391517506,2200,275,local,nyc,calendar_weather,random_forest,val,10.65
190.62942567360818,411.9228029360377,16.63636014583258,2208,276,local,nyc,calendar_weather,random_forest,test,10.66
131.66011312412613,316.1448046767124,13.881697787800235,2200,275,local,nyc,calendar_weather,lgbm_point,val,4.94
165.41681425948468,392.3307767198081,13.635562126990324,2208,276,local,nyc,calendar_weather,lgbm_point,test,4.94
42.45555265901981,92.11746887749817,34.97082200834225,2192,274,local,sf,calendar_weather,naive_trailing7,val,0.01
44.76902597402597,97.8083661259611,75.40324061281484,2200,275,local,sf,calendar_weather,naive_trailing7,test,0.01
37.60492700729927,87.9001590226342,34.06746419808784,2192,274,local,sf,calendar_weather,seasonal_naive7,val,0.0
43.78636363636364,108.41276342168976,91.2024374709818,2200,275,local,sf,calendar_weather,seasonal_naive7,test,0.01
32.75676550893915,71.50070196063292,103.22073089676367,2192,274,local,sf,calendar_weather,ridge,val,0.03
36.6906261943119,82.84310413826246,158.4798698746763,2200,275,local,sf,calendar_weather,ridge,test,0.03
31.338701496752456,72.08886439437151,29.577887153789035,2192,274,local,sf,calendar_weather,random_forest,val,9.27
31.561649648017575,78.64123524424028,68.25840594474649,2200,275,local,sf,calendar_weather,random_forest,test,9.27
28.972959400038853,68.63745285116397,23.925631176255386,2192,274,local,sf,calendar_weather,lgbm_point,val,4.18
30.061140668311936,73.15862531292821,65.228226513955,2200,275,local,sf,calendar_weather,lgbm_point,test,4.19
30.280649350649348,49.978467719824316,52.458263892808624,2200,275,local,austin,calendar_weather_lagged_only,naive_trailing7,val,0.0
30.371376811594203,50.156071302136,48.159494852497794,2208,276,local,austin,calendar_weather_lagged_only,naive_trailing7,test,0.01
20.517272727272726,39.2618019315096,40.014678512769706,2200,275,local,austin,calendar_weather_lagged_only,seasonal_naive7,val,0.0
21.61322463768116,42.77520656994481,38.985340929136555,2208,276,local,austin,calendar_weather_lagged_only,seasonal_naive7,test,0.01
25.23124882394745,42.574113260537644,51.334894608196876,2200,275,local,austin,calendar_weather_lagged_only,ridge,val,0.03
25.667901050004343,43.811392023903984,46.23691753903974,2208,276,local,austin,calendar_weather_lagged_only,ridge,test,0.03
15.956771016301738,29.111339603861932,35.7566634865706,2200,275,local,austin,calendar_weather_lagged_only,random_forest,val,8.5
15.494776107627978,29.335111832369034,30.704901933059197,2208,276,local,austin,calendar_weather_lagged_only,random_forest,test,8.51
15.711178678692704,28.704801423731496,31.619826266218677,2200,275,local,austin,calendar_weather_lagged_only,lgbm_point,val,4.04
14.865166475457118,29.213376833553497,27.233589291822497,2208,276,local,austin,calendar_weather_lagged_only,lgbm_point,test,4.04
105.76860853432281,188.8002548772577,85.34467540320014,1925,275,local,chicago,calendar_weather_lagged_only,naive_trailing7,val,0.01
111.46058858325938,201.99423320382726,84.0762069834104,1932,276,local,chicago,calendar_weather_lagged_only,naive_trailing7,test,0.01
70.68987012987013,188.11561242056342,55.50517528265202,1925,275,local,chicago,calendar_weather_lagged_only,seasonal_naive7,val,0.0
84.23757763975155,198.97115415641383,49.110728372275986,1932,276,local,chicago,calendar_weather_lagged_only,seasonal_naive7,test,0.01
63.59746119271648,144.11530788783736,48.63089031882466,1925,275,local,chicago,calendar_weather_lagged_only,ridge,val,0.02
70.42980340498355,143.4178283467166,44.11184465083133,1932,276,local,chicago,calendar_weather_lagged_only,ridge,test,0.03
49.2924904354019,126.73368952382653,43.17818733200623,1925,275,local,chicago,calendar_weather_lagged_only,random_forest,val,8.74
53.9406960993838,124.1132644363195,38.17182861647242,1932,276,local,chicago,calendar_weather_lagged_only,random_forest,test,8.75
47.99745676200644,125.8275578535122,30.87329892242206,1925,275,local,chicago,calendar_weather_lagged_only,lgbm_point,val,3.85
50.388458421882575,123.14007429501254,27.76302599830095,1932,276,local,chicago,calendar_weather_lagged_only,lgbm_point,test,3.86
245.53357142857143,461.6407075490844,27.237728728147943,2200,275,local,nyc,calendar_weather_lagged_only,naive_trailing7,val,0.0
305.6182712215321,571.3918531972411,27.37934710999777,2208,276,local,nyc,calendar_weather_lagged_only,naive_trailing7,test,0.01
226.67181818181817,494.43669417373803,26.362787181501464,2200,275,local,nyc,calendar_weather_lagged_only,seasonal_naive7,val,0.0
282.4388586956522,644.0911805190813,25.246462590260744,2208,276,local,nyc,calendar_weather_lagged_only,seasonal_naive7,test,0.01
171.3927388334387,367.7530353256471,19.839670556017467,2200,275,local,nyc,calendar_weather_lagged_only,ridge,val,0.03
213.23231622430177,426.0580111471411,19.811010767182392,2208,276,local,nyc,calendar_weather_lagged_only,ridge,test,0.03
160.02012736284576,356.9656623867601,17.544001251487376,2200,275,local,nyc,calendar_weather_lagged_only,random_forest,val,9.49
193.15185182372394,418.48187199369823,16.914630320097285,2208,276,local,nyc,calendar_weather_lagged_only,random_forest,test,9.5
150.3228666113593,346.4151993217495,15.258105777305678,2200,275,local,nyc,calendar_weather_lagged_only,lgbm_point,val,2.85
178.6258606098037,413.4153353911372,14.415264809347454,2208,276,local,nyc,calendar_weather_lagged_only,lgbm_point,test,2.85
42.45555265901981,92.11746887749817,34.97082200834225,2192,274,local,sf,calendar_weather_lagged_only,naive_trailing7,val,0.0
44.76902597402597,97.8083661259611,75.40324061281484,2200,275,local,sf,calendar_weather_lagged_only,naive_trailing7,test,0.01
37.60492700729927,87.9001590226342,34.06746419808784,2192,274,local,sf,calendar_weather_lagged_only,seasonal_naive7,val,0.0
43.78636363636364,108.41276342168976,91.2024374709818,2200,275,local,sf,calendar_weather_lagged_only,seasonal_naive7,test,0.01
32.82798686500266,71.66156153247454,103.31828535395388,2192,274,local,sf,calendar_weather_lagged_only,ridge,val,0.02
36.667601996337076,83.14467566012304,157.33295339000804,2200,275,local,sf,calendar_weather_lagged_only,ridge,test,0.03
32.11837392353834,73.39453570703947,29.674503135785415,2192,274,local,sf,calendar_weather_lagged_only,random_forest,val,8.04
32.60993699232784,80.69784955617891,69.90057730515403,2200,275,local,sf,calendar_weather_lagged_only,random_forest,test,8.05
30.172584020660516,70.35956988152726,24.312021305782107,2192,274,local,sf,calendar_weather_lagged_only,lgbm_point,val,2.71
31.658883454075006,77.53151491530315,64.29636850707668,2200,275,local,sf,calendar_weather_lagged_only,lgbm_point,test,2.72
30.280649350649348,49.978467719824316,52.458263892808624,2200,275,global,austin,internal,naive_trailing7,val,0.03
30.371376811594203,50.156071302136,48.159494852497794,2208,276,global,austin,internal,naive_trailing7,test,0.03
105.76860853432281,188.8002548772577,85.34467540320014,1925,275,global,chicago,internal,naive_trailing7,val,0.04
111.46058858325938,201.99423320382726,84.0762069834104,1932,276,global,chicago,internal,naive_trailing7,test,0.04
245.53357142857143,461.6407075490844,27.237728728147943,2200,275,global,nyc,internal,naive_trailing7,val,0.05
305.6182712215321,571.3918531972411,27.37934710999777,2208,276,global,nyc,internal,naive_trailing7,test,0.05
42.45555265901981,92.11746887749817,34.97082200834225,2192,274,global,sf,internal,naive_trailing7,val,0.06
44.76902597402597,97.8083661259611,75.40324061281484,2200,275,global,sf,internal,naive_trailing7,test,0.07
20.517272727272726,39.2618019315096,40.014678512769706,2200,275,global,austin,internal,seasonal_naive7,val,0.02
21.61322463768116,42.77520656994481,38.985340929136555,2208,276,global,austin,internal,seasonal_naive7,test,0.02
70.68987012987013,188.11561242056342,55.50517528265202,1925,275,global,chicago,internal,seasonal_naive7,val,0.03
84.23757763975155,198.97115415641383,49.110728372275986,1932,276,global,chicago,internal,seasonal_naive7,test,0.04
226.67181818181817,494.43669417373803,26.362787181501464,2200,275,global,nyc,internal,seasonal_naive7,val,0.04
282.4388586956522,644.0911805190813,25.246462590260744,2208,276,global,nyc,internal,seasonal_naive7,test,0.05
37.60492700729927,87.9001590226342,34.06746419808784,2192,274,global,sf,internal,seasonal_naive7,val,0.05
43.78636363636364,108.41276342168976,91.2024374709818,2200,275,global,sf,internal,seasonal_naive7,test,0.06
20.422060249524005,35.197574046625014,40.39195614174535,2200,275,global,austin,internal,ridge,val,0.1
21.620808630055254,37.58538551066284,39.567923136299214,2208,276,global,austin,internal,ridge,test,0.1
69.2567486095423,156.1664681198551,58.23853994586482,1925,275,global,chicago,internal,ridge,val,0.12
75.86783427247929,154.0690407476617,53.18005424980231,1932,276,global,chicago,internal,ridge,test,0.12
170.15969216433123,366.9133576642666,20.346339498630904,2200,275,global,nyc,internal,ridge,val,0.13
215.48886327786767,431.3779793333316,20.426745286338672,2208,276,global,nyc,internal,ridge,test,0.14
36.67541793638307,81.07505724886934,36.88985297034526,2192,274,global,sf,internal,ridge,val,0.14
38.94945733294166,91.0496177137292,78.04348001642944,2200,275,global,sf,internal,ridge,test,0.15
16.84132237117758,30.883335419600204,37.25344572038763,2200,275,global,austin,internal,random_forest,val,27.35
16.940376459275207,32.22005916079409,33.388454927845665,2208,276,global,austin,internal,random_forest,test,27.35
56.039865285488645,140.97598207817438,50.84361728760162,1925,275,global,chicago,internal,random_forest,val,27.36
61.726863346553856,137.0208361040254,44.57709039669341,1932,276,global,chicago,internal,random_forest,test,27.37
169.1874805863387,365.6163438550604,19.01044399238784,2200,275,global,nyc,internal,random_forest,val,27.38
206.57267993639962,441.7153319550896,18.481740890911514,2208,276,global,nyc,internal,random_forest,test,27.38
31.594155973174573,76.0824198148895,29.66888231840124,2192,274,global,sf,internal,random_forest,val,27.39
34.476137065508716,87.43862904995905,71.37593028012205,2200,275,global,sf,internal,random_forest,test,27.4
16.52260379089157,31.00871459818101,32.81777131573423,2200,275,global,austin,internal,lgbm_point,val,5.13
17.210082052526264,33.4717904838672,32.13229829615944,2208,276,global,austin,internal,lgbm_point,test,5.13
55.98427275596478,145.10332117185303,41.34462321139591,1925,275,global,chicago,internal,lgbm_point,val,5.14
60.51760173935721,141.59240730399597,36.946733457849014,1932,276,global,chicago,internal,lgbm_point,test,5.15
164.31559540968126,365.40646160758234,17.569392303192195,2200,275,global,nyc,internal,lgbm_point,val,5.16
205.73961889188328,449.47440914108563,17.63470575499452,2208,276,global,nyc,internal,lgbm_point,test,5.17
31.627852999993937,75.89896428505321,25.06721974782374,2192,274,global,sf,internal,lgbm_point,val,5.18
35.26905853520718,90.35945499046304,65.18728650902648,2200,275,global,sf,internal,lgbm_point,test,5.18
30.280649350649348,49.978467719824316,52.458263892808624,2200,275,global,austin,calendar,naive_trailing7,val,0.02
30.371376811594203,50.156071302136,48.159494852497794,2208,276,global,austin,calendar,naive_trailing7,test,0.02
105.76860853432281,188.8002548772577,85.34467540320014,1925,275,global,chicago,calendar,naive_trailing7,val,0.03
111.46058858325938,201.99423320382726,84.0762069834104,1932,276,global,chicago,calendar,naive_trailing7,test,0.03
245.53357142857143,461.6407075490844,27.237728728147943,2200,275,global,nyc,calendar,naive_trailing7,val,0.04
305.6182712215321,571.3918531972411,27.37934710999777,2208,276,global,nyc,calendar,naive_trailing7,test,0.04
42.45555265901981,92.11746887749817,34.97082200834225,2192,274,global,sf,calendar,naive_trailing7,val,0.05
44.76902597402597,97.8083661259611,75.40324061281484,2200,275,global,sf,calendar,naive_trailing7,test,0.06
20.517272727272726,39.2618019315096,40.014678512769706,2200,275,global,austin,calendar,seasonal_naive7,val,0.02
21.61322463768116,42.77520656994481,38.985340929136555,2208,276,global,austin,calendar,seasonal_naive7,test,0.02
70.68987012987013,188.11561242056342,55.50517528265202,1925,275,global,chicago,calendar,seasonal_naive7,val,0.03
84.23757763975155,198.97115415641383,49.110728372275986,1932,276,global,chicago,calendar,seasonal_naive7,test,0.03
226.67181818181817,494.43669417373803,26.362787181501464,2200,275,global,nyc,calendar,seasonal_naive7,val,0.04
282.4388586956522,644.0911805190813,25.246462590260744,2208,276,global,nyc,calendar,seasonal_naive7,test,0.04
37.60492700729927,87.9001590226342,34.06746419808784,2192,274,global,sf,calendar,seasonal_naive7,val,0.05
43.78636363636364,108.41276342168976,91.2024374709818,2200,275,global,sf,calendar,seasonal_naive7,test,0.06
22.28000496634979,34.60235904299535,50.352147011910006,2200,275,global,austin,calendar,ridge,val,0.1
24.11259924199294,37.50769828303244,52.740346597117,2208,276,global,austin,calendar,ridge,test,0.11
67.28547709758317,153.47187922167834,48.69219654101789,1925,275,global,chicago,calendar,ridge,val,0.11
73.35995307919019,149.80989151669374,45.51201237670453,1932,276,global,chicago,calendar,ridge,test,0.12
168.00009296354685,365.24942044576306,19.479079324647277,2200,275,global,nyc,calendar,ridge,val,0.13
212.95421820333777,430.5005201662442,19.41718480293244,2208,276,global,nyc,calendar,ridge,test,0.13
37.81564783640612,79.2429896122289,88.9522327605036,2192,274,global,sf,calendar,ridge,val,0.14
40.46174763680539,88.8590523620036,151.29341928914715,2200,275,global,sf,calendar,ridge,test,0.14
16.02250194470048,28.158156071474178,35.4153046844646,2200,275,global,austin,calendar,random_forest,val,33.91
15.813440977085481,29.356145645831678,31.304042415471095,2208,276,global,austin,calendar,random_forest,test,33.92
51.190922028660275,134.02230908511814,45.042068578527996,1925,275,global,chicago,calendar,random_forest,val,33.92
56.25839945607002,128.80885156513182,38.969687159100715,1932,276,global,chicago,calendar,random_forest,test,33.93
158.16964511537225,353.21057022424714,17.244441353951036,2200,275,global,nyc,calendar,random_forest,val,33.94
193.49933858136274,425.586114248858,16.63976827260755,2208,276,global,nyc,calendar,random_forest,test,33.94
29.54904003045719,71.33898011026275,28.212814571741806,2192,274,global,sf,calendar,random_forest,val,33.95
31.90067062560809,79.90764092727841,70.2288436444083,2200,275,global,sf,calendar,random_forest,test,33.96
15.075430676392234,27.493875620729657,29.976487872938918,2200,275,global,austin,calendar,lgbm_point,val,5.85
15.304417210307173,30.337958870519053,28.286370628801027,2208,276,global,austin,calendar,lgbm_point,test,5.85
48.955505268034116,135.17655358492348,32.45469247230146,1925,275,global,chicago,calendar,lgbm_point,val,5.86
53.687823884991786,128.48276182372743,28.127931414639214,1932,276,global,chicago,calendar,lgbm_point,test,5.87
145.3561021705272,337.9653203918472,14.56896364493841,2200,275,global,nyc,calendar,lgbm_point,val,5.87
182.18129727283562,422.18396245390085,14.933492926376656,2208,276,global,nyc,calendar,lgbm_point,test,5.88
28.002254053566364,66.55257532413279,22.80404954255304,2192,274,global,sf,calendar,lgbm_point,val,5.89
30.822730231718314,78.28156416812388,64.06235391778381,2200,275,global,sf,calendar,lgbm_point,test,5.89
30.280649350649348,49.978467719824316,52.458263892808624,2200,275,global,austin,weather,naive_trailing7,val,0.03
30.371376811594203,50.156071302136,48.159494852497794,2208,276,global,austin,weather,naive_trailing7,test,0.04
105.76860853432281,188.8002548772577,85.34467540320014,1925,275,global,chicago,weather,naive_trailing7,val,0.04
111.46058858325938,201.99423320382726,84.0762069834104,1932,276,global,chicago,weather,naive_trailing7,test,0.05
245.53357142857143,461.6407075490844,27.237728728147943,2200,275,global,nyc,weather,naive_trailing7,val,0.06
305.6182712215321,571.3918531972411,27.37934710999777,2208,276,global,nyc,weather,naive_trailing7,test,0.06
42.45555265901981,92.11746887749817,34.97082200834225,2192,274,global,sf,weather,naive_trailing7,val,0.07
44.76902597402597,97.8083661259611,75.40324061281484,2200,275,global,sf,weather,naive_trailing7,test,0.07
20.517272727272726,39.2618019315096,40.014678512769706,2200,275,global,austin,weather,seasonal_naive7,val,0.03
21.61322463768116,42.77520656994481,38.985340929136555,2208,276,global,austin,weather,seasonal_naive7,test,0.04
70.68987012987013,188.11561242056342,55.50517528265202,1925,275,global,chicago,weather,seasonal_naive7,val,0.04
84.23757763975155,198.97115415641383,49.110728372275986,1932,276,global,chicago,weather,seasonal_naive7,test,0.05
226.67181818181817,494.43669417373803,26.362787181501464,2200,275,global,nyc,weather,seasonal_naive7,val,0.05
282.4388586956522,644.0911805190813,25.246462590260744,2208,276,global,nyc,weather,seasonal_naive7,test,0.06
37.60492700729927,87.9001590226342,34.06746419808784,2192,274,global,sf,weather,seasonal_naive7,val,0.06
43.78636363636364,108.41276342168976,91.2024374709818,2200,275,global,sf,weather,seasonal_naive7,test,0.07
21.937589919818357,36.11169689240818,48.451752584958676,2200,275,global,austin,weather,ridge,val,0.14
22.68035245701536,38.169649965602595,42.95787635780614,2208,276,global,austin,weather,ridge,test,0.15
69.20133907568484,155.95310810786688,53.50692149611881,1925,275,global,chicago,weather,ridge,val,0.15
76.174692489996,153.5741326813699,50.53237887347447,1932,276,global,chicago,weather,ridge,test,0.16
169.12871862113718,367.07934868325987,20.029923965430324,2200,275,global,nyc,weather,ridge,val,0.17
214.71507719917008,431.15016014347145,19.95260677367098,2208,276,global,nyc,weather,ridge,test,0.17
37.504715518640815,80.88180442340186,61.05475728637922,2192,274,global,sf,weather,ridge,val,0.18
39.906285097041376,90.89671397501775,99.16342425409982,2200,275,global,sf,weather,ridge,test,0.18
17.286808487504757,31.31245223793291,38.07344858356471,2200,275,global,austin,weather,random_forest,val,42.3
17.46237730260763,33.29138740675258,34.66273359178055,2208,276,global,austin,weather,random_forest,test,42.3
55.218312922595445,141.33346661396362,48.3765835490625,1925,275,global,chicago,weather,random_forest,val,42.32
60.79796374877484,135.21615484629984,42.54623876776094,1932,276,global,chicago,weather,random_forest,test,42.32
163.6213855635184,355.4474678327425,18.618366963266034,2200,275,global,nyc,weather,random_forest,val,42.33
199.19276010097636,425.6455365710415,17.961533077724003,2208,276,global,nyc,weather,random_forest,test,42.34
31.127839919836884,74.17016819396935,29.78092858097278,2192,274,global,sf,weather,random_forest,val,42.35
34.09377225625578,87.11120953721222,71.34449998955932,2200,275,global,sf,weather,random_forest,test,42.36
16.166431073819282,30.252475021037107,32.26215137955239,2200,275,global,austin,weather,lgbm_point,val,6.63
17.308022238411862,33.52756819960651,31.668188898539174,2208,276,global,austin,weather,lgbm_point,test,6.64
54.817142947567625,141.25678821722462,40.037434561434345,1925,275,global,chicago,weather,lgbm_point,val,6.65
60.779362360716405,141.66081992227157,36.357495595070276,1932,276,global,chicago,weather,lgbm_point,test,6.65
154.06872034143575,346.80730278100026,16.311697519385934,2200,275,global,nyc,weather,lgbm_point,val,6.66
193.07598206940014,423.37477944341356,16.72120959116236,2208,276,global,nyc,weather,lgbm_point,test,6.67
30.68560429211553,73.47326770464657,24.894062496367514,2192,274,global,sf,weather,lgbm_point,val,6.67
34.491755511945655,87.60261855104423,65.17861533306272,2200,275,global,sf,weather,lgbm_point,test,6.68
30.280649350649348,49.978467719824316,52.458263892808624,2200,275,global,austin,calendar_weather,naive_trailing7,val,0.03
30.371376811594203,50.156071302136,48.159494852497794,2208,276,global,austin,calendar_weather,naive_trailing7,test,0.03
105.76860853432281,188.8002548772577,85.34467540320014,1925,275,global,chicago,calendar_weather,naive_trailing7,val,0.04
111.46058858325938,201.99423320382726,84.0762069834104,1932,276,global,chicago,calendar_weather,naive_trailing7,test,0.05
245.53357142857143,461.6407075490844,27.237728728147943,2200,275,global,nyc,calendar_weather,naive_trailing7,val,0.05
305.6182712215321,571.3918531972411,27.37934710999777,2208,276,global,nyc,calendar_weather,naive_trailing7,test,0.06
42.45555265901981,92.11746887749817,34.97082200834225,2192,274,global,sf,calendar_weather,naive_trailing7,val,0.06
44.76902597402597,97.8083661259611,75.40324061281484,2200,275,global,sf,calendar_weather,naive_trailing7,test,0.07
20.517272727272726,39.2618019315096,40.014678512769706,2200,275,global,austin,calendar_weather,seasonal_naive7,val,0.03
21.61322463768116,42.77520656994481,38.985340929136555,2208,276,global,austin,calendar_weather,seasonal_naive7,test,0.03
70.68987012987013,188.11561242056342,55.50517528265202,1925,275,global,chicago,calendar_weather,seasonal_naive7,val,0.04
84.23757763975155,198.97115415641383,49.110728372275986,1932,276,global,chicago,calendar_weather,seasonal_naive7,test,0.04
226.67181818181817,494.43669417373803,26.362787181501464,2200,275,global,nyc,calendar_weather,seasonal_naive7,val,0.05
282.4388586956522,644.0911805190813,25.246462590260744,2208,276,global,nyc,calendar_weather,seasonal_naive7,test,0.06
37.60492700729927,87.9001590226342,34.06746419808784,2192,274,global,sf,calendar_weather,seasonal_naive7,val,0.06
43.78636363636364,108.41276342168976,91.2024374709818,2200,275,global,sf,calendar_weather,seasonal_naive7,test,0.07
23.475121994517043,35.59104481450617,55.77293615639163,2200,275,global,austin,calendar_weather,ridge,val,0.18
24.330430393786955,37.856187680217516,52.760108545000946,2208,276,global,austin,calendar_weather,ridge,test,0.18
67.53965594484472,153.31205462482006,47.68798371301688,1925,275,global,chicago,calendar_weather,ridge,val,0.19
73.40918687229328,149.2428759486414,44.849722795264775,1932,276,global,chicago,calendar_weather,ridge,test,0.19
167.09105997364424,365.3793164442278,19.271501316259883,2200,275,global,nyc,calendar_weather,ridge,val,0.2
212.21103088490355,430.2203437506593,19.111738753736514,2208,276,global,nyc,calendar_weather,ridge,test,0.2
38.38870623354254,79.00362082473258,107.56007100192073,2192,274,global,sf,calendar_weather,ridge,val,0.21
40.964981100401964,88.71107288824656,161.778401892284,2200,275,global,sf,calendar_weather,ridge,test,0.22
16.48132944767755,28.924134942911845,36.53217335834194,2200,275,global,austin,calendar_weather,random_forest,val,50.17
16.352465828993417,30.696491403311654,32.61273657009262,2208,276,global,austin,calendar_weather,random_forest,test,50.17
50.66820775348934,133.5560937323084,43.2586360811032,1925,275,global,chicago,calendar_weather,random_forest,val,50.18
55.9177565944666,128.14436095886506,37.351408045875345,1932,276,global,chicago,calendar_weather,random_forest,test,50.18
155.1609782436379,346.82831127003834,16.885197288542056,2200,275,global,nyc,calendar_weather,random_forest,val,50.19
187.44475442766907,409.2179385962344,16.21717542676268,2208,276,global,nyc,calendar_weather,random_forest,test,50.19
28.87372786279131,69.09565467398933,28.1424692192405,2192,274,global,sf,calendar_weather,random_forest,val,50.2
31.44105763589415,80.69871417834432,69.18670681260377,2200,275,global,sf,calendar_weather,random_forest,test,50.2
14.93180491695383,27.400268495653258,29.6528181865779,2200,275,global,austin,calendar_weather,lgbm_point,val,6.57
15.202123724084423,30.095460997283972,27.69581648640938,2208,276,global,austin,calendar_weather,lgbm_point,test,6.58
48.226090278395155,133.94403396085278,31.291080137884915,1925,275,global,chicago,calendar_weather,lgbm_point,val,6.59
52.564790531946045,129.8488911646076,28.057203749320635,1932,276,global,chicago,calendar_weather,lgbm_point,test,6.59
132.99476351900998,319.6501601368444,13.355878717861108,2200,275,global,nyc,calendar_weather,lgbm_point,val,6.6
168.39101617860476,397.48088062364377,13.870034260648096,2208,276,global,nyc,calendar_weather,lgbm_point,test,6.6
26.604044449880867,62.877749689637305,23.021105655558557,2192,274,global,sf,calendar_weather,lgbm_point,val,6.61
29.474622601013593,75.58894477696069,61.814941431394175,2200,275,global,sf,calendar_weather,lgbm_point,test,6.61
30.280649350649348,49.978467719824316,52.458263892808624,2200,275,global,austin,calendar_weather_lagged_only,naive_trailing7,val,0.02
30.371376811594203,50.156071302136,48.159494852497794,2208,276,global,austin,calendar_weather_lagged_only,naive_trailing7,test,0.03
105.76860853432281,188.8002548772577,85.34467540320014,1925,275,global,chicago,calendar_weather_lagged_only,naive_trailing7,val,0.03
111.46058858325938,201.99423320382726,84.0762069834104,1932,276,global,chicago,calendar_weather_lagged_only,naive_trailing7,test,0.04
245.53357142857143,461.6407075490844,27.237728728147943,2200,275,global,nyc,calendar_weather_lagged_only,naive_trailing7,val,0.04
305.6182712215321,571.3918531972411,27.37934710999777,2208,276,global,nyc,calendar_weather_lagged_only,naive_trailing7,test,0.05
42.45555265901981,92.11746887749817,34.97082200834225,2192,274,global,sf,calendar_weather_lagged_only,naive_trailing7,val,0.06
44.76902597402597,97.8083661259611,75.40324061281484,2200,275,global,sf,calendar_weather_lagged_only,naive_trailing7,test,0.06
20.517272727272726,39.2618019315096,40.014678512769706,2200,275,global,austin,calendar_weather_lagged_only,seasonal_naive7,val,0.02
21.61322463768116,42.77520656994481,38.985340929136555,2208,276,global,austin,calendar_weather_lagged_only,seasonal_naive7,test,0.03
70.68987012987013,188.11561242056342,55.50517528265202,1925,275,global,chicago,calendar_weather_lagged_only,seasonal_naive7,val,0.03
84.23757763975155,198.97115415641383,49.110728372275986,1932,276,global,chicago,calendar_weather_lagged_only,seasonal_naive7,test,0.04
226.67181818181817,494.43669417373803,26.362787181501464,2200,275,global,nyc,calendar_weather_lagged_only,seasonal_naive7,val,0.04
282.4388586956522,644.0911805190813,25.246462590260744,2208,276,global,nyc,calendar_weather_lagged_only,seasonal_naive7,test,0.05
37.60492700729927,87.9001590226342,34.06746419808784,2192,274,global,sf,calendar_weather_lagged_only,seasonal_naive7,val,0.05
43.78636363636364,108.41276342168976,91.2024374709818,2200,275,global,sf,calendar_weather_lagged_only,seasonal_naive7,test,0.06
22.87905315767343,35.401009467033674,52.540665837666175,2200,275,global,austin,calendar_weather_lagged_only,ridge,val,0.1
24.32856607859758,37.72562933647357,53.04860124579632,2208,276,global,austin,calendar_weather_lagged_only,ridge,test,0.11
67.44735890453516,153.4021135007874,48.06614161448681,1925,275,global,chicago,calendar_weather_lagged_only,ridge,val,0.11
72.9951702658035,149.0645233887524,44.88512223569964,1932,276,global,chicago,calendar_weather_lagged_only,ridge,test,0.12
167.78065432021748,365.52565286953995,19.43752800604323,2200,275,global,nyc,calendar_weather_lagged_only,ridge,val,0.12
212.39144847438055,430.14894505010477,19.193607140157475,2208,276,global,nyc,calendar_weather_lagged_only,ridge,test,0.13
38.214304844778596,79.19054299564901,101.07105686840423,2192,274,global,sf,calendar_weather_lagged_only,ridge,val,0.13
40.688397250026185,88.62119505628077,156.87729172319396,2200,275,global,sf,calendar_weather_lagged_only,ridge,test,0.14
16.136100567121872,28.183543063338828,36.23834009401223,2200,275,global,austin,calendar_weather_lagged_only,random_forest,val,41.89
16.00203512222358,29.873064082425252,31.676309272865094,2208,276,global,austin,calendar_weather_lagged_only,random_forest,test,41.9
51.22901384625885,134.21963581452596,44.884223624501836,1925,275,global,chicago,calendar_weather_lagged_only,random_forest,val,41.91
56.288428796995056,127.94267336120588,39.08402902439156,1932,276,global,chicago,calendar_weather_lagged_only,random_forest,test,41.91
158.1459024439851,352.43963693100505,17.0815237511678,2200,275,global,nyc,calendar_weather_lagged_only,random_forest,val,41.92
191.42480639102098,418.1701224248255,16.45837123054416,2208,276,global,nyc,calendar_weather_lagged_only,random_forest,test,41.93
29.408696710719408,70.4359097919438,28.348703071171993,2192,274,global,sf,calendar_weather_lagged_only,random_forest,val,41.94
31.755275493626105,79.7043952144176,70.43145079876636,2200,275,global,sf,calendar_weather_lagged_only,random_forest,test,41.94
14.996779504512386,27.516040923385553,29.55761868481258,2200,275,global,austin,calendar_weather_lagged_only,lgbm_point,val,6.27
15.258996046024842,30.231390878690096,28.33027726660946,2208,276,global,austin,calendar_weather_lagged_only,lgbm_point,test,6.28
49.1459328536606,134.1801079612329,32.443465672087754,1925,275,global,chicago,calendar_weather_lagged_only,lgbm_point,val,6.29
53.24153508830491,127.87339000648674,27.759215178260266,1932,276,global,chicago,calendar_weather_lagged_only,lgbm_point,test,6.29
145.14993489975427,341.7575045151932,14.478562750681,2200,275,global,nyc,calendar_weather_lagged_only,lgbm_point,val,6.3
180.61384307946503,419.22825621096536,14.815600231103836,2208,276,global,nyc,calendar_weather_lagged_only,lgbm_point,test,6.31
27.972330756852315,66.71058961709626,23.262458491023068,2192,274,global,sf,calendar_weather_lagged_only,lgbm_point,val,6.31
30.720854447521006,79.15597862324304,63.789196584452014,2200,275,global,sf,calendar_weather_lagged_only,lgbm_point,test,6.32
22.20830044043825,36.089589382471125,50.35927949963428,2208,276,loco_zero_shot,austin,calendar_weather,lgbm_point,test,
71.01619628171002,149.73343237131772,42.49071943921326,1932,276,loco_zero_shot,chicago,calendar_weather,lgbm_point,test,
408.96058713242115,819.0321742208723,22.55895314276663,2208,276,loco_zero_shot,nyc,calendar_weather,lgbm_point,test,
31.131264435753586,77.69128712584532,62.57510168305519,2200,275,loco_zero_shot,sf,calendar_weather,lgbm_point,test,
